ISO-10303-21;
HEADER;
/* Generated by software containing ST-Developer
 * from STEP Tools, Inc. (www.steptools.com) 
 */

FILE_DESCRIPTION(
/* description */ (''),
/* implementation_level */ '2;1');

FILE_NAME(
/* name */ 'laser_esp32cam.step',
/* time_stamp */ '2026-01-03T11:40:19-04:00',
/* author */ (''),
/* organization */ (''),
/* preprocessor_version */ 'ST-DEVELOPER v20.1',
/* originating_system */ 'Autodesk Translation Framework v14.21.0.0',
/* authorisation */ '');

FILE_SCHEMA (('AUTOMOTIVE_DESIGN { 1 0 10303 214 3 1 1 }'));
ENDSEC;

DATA;
#10=MECHANICAL_DESIGN_GEOMETRIC_PRESENTATION_REPRESENTATION('',(#13),#3139);
#11=SHAPE_REPRESENTATION_RELATIONSHIP('SRR','None',#3146,#12);
#12=ADVANCED_BREP_SHAPE_REPRESENTATION('',(#14),#3138);
#13=STYLED_ITEM('',(#3156),#14);
#14=MANIFOLD_SOLID_BREP('Body1',#1883);
#15=FACE_BOUND('',#253,.T.);
#16=FACE_BOUND('',#254,.T.);
#17=FACE_BOUND('',#255,.T.);
#18=FACE_BOUND('',#256,.T.);
#19=FACE_BOUND('',#257,.T.);
#20=FACE_BOUND('',#258,.T.);
#21=FACE_BOUND('',#259,.T.);
#22=FACE_BOUND('',#260,.T.);
#23=FACE_BOUND('',#261,.T.);
#24=FACE_BOUND('',#266,.T.);
#25=FACE_BOUND('',#267,.T.);
#26=FACE_BOUND('',#289,.T.);
#27=FACE_BOUND('',#294,.T.);
#28=FACE_BOUND('',#295,.T.);
#29=FACE_BOUND('',#296,.T.);
#30=FACE_BOUND('',#297,.T.);
#31=FACE_BOUND('',#298,.T.);
#32=FACE_BOUND('',#299,.T.);
#33=FACE_BOUND('',#300,.T.);
#34=FACE_BOUND('',#301,.T.);
#35=FACE_BOUND('',#302,.T.);
#36=FACE_BOUND('',#307,.T.);
#37=FACE_BOUND('',#310,.T.);
#38=TOROIDAL_SURFACE('',#1937,2.,1.);
#39=TOROIDAL_SURFACE('',#1946,2.,1.);
#40=B_SPLINE_CURVE_WITH_KNOTS('',3,(#2742,#2743,#2744,#2745,#2746,#2747,
#2748,#2749,#2750,#2751,#2752,#2753,#2754,#2755,#2756,#2757,#2758,#2759,
#2760,#2761,#2762,#2763,#2764,#2765,#2766,#2767,#2768,#2769),
 .UNSPECIFIED.,.F.,.F.,(4,2,2,2,2,2,2,2,2,2,2,2,2,4),(-0.169143230840924,
-0.169114411443638,-0.16898974448958,-0.168640324442762,-0.168298105260782,
-0.167696456879136,-0.166420508093061,-0.161863043060281,-0.147560789251407,
-0.125637997633321,-0.0878227112982456,-0.0587513007803197,-0.0303831794838856,
-0.0254817142713296),.UNSPECIFIED.);
#41=B_SPLINE_CURVE_WITH_KNOTS('',3,(#2805,#2806,#2807,#2808,#2809,#2810,
#2811,#2812,#2813,#2814,#2815,#2816,#2817,#2818,#2819,#2820,#2821,#2822),
 .UNSPECIFIED.,.F.,.F.,(4,2,2,2,2,2,2,2,4),(-0.00867415385737835,-0.00843018663160298,
-0.00701818194463284,-0.00557117149655978,-0.00368894034750839,-0.000510905171851096,
-0.000304087446497361,-0.000223627936477667,-0.000201630019295718),
 .UNSPECIFIED.);
#42=B_SPLINE_CURVE_WITH_KNOTS('',3,(#2890,#2891,#2892,#2893,#2894,#2895,
#2896,#2897,#2898,#2899),.UNSPECIFIED.,.F.,.F.,(4,2,2,2,4),(0.,0.0450890024783393,
0.0676335037175089,0.0901780049566786,0.103693086364974),.UNSPECIFIED.);
#43=B_SPLINE_CURVE_WITH_KNOTS('',3,(#2955,#2956,#2957,#2958,#2959,#2960,
#2961,#2962,#2963,#2964),.UNSPECIFIED.,.F.,.F.,(4,2,2,2,4),(0.7191834846339,
0.732698566042322,0.755243067281491,0.777787568520661,0.822876570999),
 .UNSPECIFIED.);
#44=CIRCLE('',#1930,1.);
#45=CIRCLE('',#1933,1.);
#46=CIRCLE('',#1935,1.);
#47=CIRCLE('',#1936,1.);
#48=CIRCLE('',#1938,2.);
#49=CIRCLE('',#1941,1.);
#50=CIRCLE('',#1945,2.);
#51=CIRCLE('',#1947,1.);
#52=CIRCLE('',#1949,1.);
#53=CIRCLE('',#1951,2.5);
#54=CIRCLE('',#1952,2.5);
#55=CIRCLE('',#1955,1.);
#56=CIRCLE('',#1957,1.);
#57=CIRCLE('',#1961,1.);
#58=CIRCLE('',#1963,5.49999999999993);
#59=CIRCLE('',#1964,4.);
#60=CIRCLE('',#1965,5.50000000000007);
#61=CIRCLE('',#1966,4.);
#62=CIRCLE('',#1967,1.);
#63=CIRCLE('',#1968,1.);
#64=CIRCLE('',#1969,1.);
#65=CIRCLE('',#1976,1.);
#66=CIRCLE('',#1994,5.5);
#67=CIRCLE('',#1995,4.);
#68=CIRCLE('',#1996,5.5);
#69=CIRCLE('',#1997,4.);
#70=CIRCLE('',#1998,3.5);
#71=CIRCLE('',#1999,2.);
#72=CIRCLE('',#2000,3.5);
#73=CIRCLE('',#2001,2.);
#74=CIRCLE('',#2006,1.5);
#75=CIRCLE('',#2007,1.5);
#76=CIRCLE('',#2009,1.5);
#77=CIRCLE('',#2011,1.5);
#78=CIRCLE('',#2013,2.5);
#79=CIRCLE('',#2016,2.5);
#80=CIRCLE('',#2020,3.5);
#81=CIRCLE('',#2021,2.);
#82=CIRCLE('',#2022,3.5);
#83=CIRCLE('',#2023,2.);
#84=ELLIPSE('',#1929,1.82173534136402,1.);
#85=ELLIPSE('',#1932,1.82173534136402,1.);
#86=ELLIPSE('',#1942,1.82173534136402,1.);
#87=ELLIPSE('',#1954,1.82173534136402,1.);
#88=ELLIPSE('',#1958,1.82173534136402,1.);
#89=ELLIPSE('',#1959,1.41421356237309,1.);
#90=ELLIPSE('',#1973,1.82173534136402,1.);
#91=ELLIPSE('',#1974,1.41421356237309,1.);
#92=CYLINDRICAL_SURFACE('',#1928,1.);
#93=CYLINDRICAL_SURFACE('',#1931,1.);
#94=CYLINDRICAL_SURFACE('',#1934,1.);
#95=CYLINDRICAL_SURFACE('',#1940,1.);
#96=CYLINDRICAL_SURFACE('',#1948,1.);
#97=CYLINDRICAL_SURFACE('',#1953,1.);
#98=CYLINDRICAL_SURFACE('',#1956,1.);
#99=CYLINDRICAL_SURFACE('',#1960,1.);
#100=CYLINDRICAL_SURFACE('',#1970,1.);
#101=CYLINDRICAL_SURFACE('',#1972,1.);
#102=CYLINDRICAL_SURFACE('',#1975,1.);
#103=CYLINDRICAL_SURFACE('',#2008,1.5);
#104=CYLINDRICAL_SURFACE('',#2010,1.5);
#105=CYLINDRICAL_SURFACE('',#2012,2.5);
#106=CYLINDRICAL_SURFACE('',#2015,2.5);
#107=CYLINDRICAL_SURFACE('',#2018,1.);
#108=CYLINDRICAL_SURFACE('',#2025,2.);
#109=CYLINDRICAL_SURFACE('',#2027,3.5);
#110=CYLINDRICAL_SURFACE('',#2029,2.);
#111=CYLINDRICAL_SURFACE('',#2031,3.5);
#112=CYLINDRICAL_SURFACE('',#2033,4.);
#113=CYLINDRICAL_SURFACE('',#2035,5.5);
#114=CYLINDRICAL_SURFACE('',#2037,4.);
#115=CYLINDRICAL_SURFACE('',#2039,5.5);
#116=FACE_OUTER_BOUND('',#211,.T.);
#117=FACE_OUTER_BOUND('',#212,.T.);
#118=FACE_OUTER_BOUND('',#213,.T.);
#119=FACE_OUTER_BOUND('',#214,.T.);
#120=FACE_OUTER_BOUND('',#215,.T.);
#121=FACE_OUTER_BOUND('',#216,.T.);
#122=FACE_OUTER_BOUND('',#217,.T.);
#123=FACE_OUTER_BOUND('',#218,.T.);
#124=FACE_OUTER_BOUND('',#219,.T.);
#125=FACE_OUTER_BOUND('',#220,.T.);
#126=FACE_OUTER_BOUND('',#221,.T.);
#127=FACE_OUTER_BOUND('',#222,.T.);
#128=FACE_OUTER_BOUND('',#223,.T.);
#129=FACE_OUTER_BOUND('',#224,.T.);
#130=FACE_OUTER_BOUND('',#225,.T.);
#131=FACE_OUTER_BOUND('',#226,.T.);
#132=FACE_OUTER_BOUND('',#227,.T.);
#133=FACE_OUTER_BOUND('',#228,.T.);
#134=FACE_OUTER_BOUND('',#229,.T.);
#135=FACE_OUTER_BOUND('',#230,.T.);
#136=FACE_OUTER_BOUND('',#231,.T.);
#137=FACE_OUTER_BOUND('',#232,.T.);
#138=FACE_OUTER_BOUND('',#233,.T.);
#139=FACE_OUTER_BOUND('',#234,.T.);
#140=FACE_OUTER_BOUND('',#235,.T.);
#141=FACE_OUTER_BOUND('',#236,.T.);
#142=FACE_OUTER_BOUND('',#237,.T.);
#143=FACE_OUTER_BOUND('',#238,.T.);
#144=FACE_OUTER_BOUND('',#239,.T.);
#145=FACE_OUTER_BOUND('',#240,.T.);
#146=FACE_OUTER_BOUND('',#241,.T.);
#147=FACE_OUTER_BOUND('',#242,.T.);
#148=FACE_OUTER_BOUND('',#243,.T.);
#149=FACE_OUTER_BOUND('',#244,.T.);
#150=FACE_OUTER_BOUND('',#245,.T.);
#151=FACE_OUTER_BOUND('',#246,.T.);
#152=FACE_OUTER_BOUND('',#247,.T.);
#153=FACE_OUTER_BOUND('',#248,.T.);
#154=FACE_OUTER_BOUND('',#249,.T.);
#155=FACE_OUTER_BOUND('',#250,.T.);
#156=FACE_OUTER_BOUND('',#251,.T.);
#157=FACE_OUTER_BOUND('',#252,.T.);
#158=FACE_OUTER_BOUND('',#262,.T.);
#159=FACE_OUTER_BOUND('',#263,.T.);
#160=FACE_OUTER_BOUND('',#264,.T.);
#161=FACE_OUTER_BOUND('',#265,.T.);
#162=FACE_OUTER_BOUND('',#268,.T.);
#163=FACE_OUTER_BOUND('',#269,.T.);
#164=FACE_OUTER_BOUND('',#270,.T.);
#165=FACE_OUTER_BOUND('',#271,.T.);
#166=FACE_OUTER_BOUND('',#272,.T.);
#167=FACE_OUTER_BOUND('',#273,.T.);
#168=FACE_OUTER_BOUND('',#274,.T.);
#169=FACE_OUTER_BOUND('',#275,.T.);
#170=FACE_OUTER_BOUND('',#276,.T.);
#171=FACE_OUTER_BOUND('',#277,.T.);
#172=FACE_OUTER_BOUND('',#278,.T.);
#173=FACE_OUTER_BOUND('',#279,.T.);
#174=FACE_OUTER_BOUND('',#280,.T.);
#175=FACE_OUTER_BOUND('',#281,.T.);
#176=FACE_OUTER_BOUND('',#282,.T.);
#177=FACE_OUTER_BOUND('',#283,.T.);
#178=FACE_OUTER_BOUND('',#284,.T.);
#179=FACE_OUTER_BOUND('',#285,.T.);
#180=FACE_OUTER_BOUND('',#286,.T.);
#181=FACE_OUTER_BOUND('',#287,.T.);
#182=FACE_OUTER_BOUND('',#288,.T.);
#183=FACE_OUTER_BOUND('',#290,.T.);
#184=FACE_OUTER_BOUND('',#291,.T.);
#185=FACE_OUTER_BOUND('',#292,.T.);
#186=FACE_OUTER_BOUND('',#293,.T.);
#187=FACE_OUTER_BOUND('',#303,.T.);
#188=FACE_OUTER_BOUND('',#304,.T.);
#189=FACE_OUTER_BOUND('',#305,.T.);
#190=FACE_OUTER_BOUND('',#306,.T.);
#191=FACE_OUTER_BOUND('',#308,.T.);
#192=FACE_OUTER_BOUND('',#309,.T.);
#193=FACE_OUTER_BOUND('',#311,.T.);
#194=FACE_OUTER_BOUND('',#312,.T.);
#195=FACE_OUTER_BOUND('',#313,.T.);
#196=FACE_OUTER_BOUND('',#314,.T.);
#197=FACE_OUTER_BOUND('',#315,.T.);
#198=FACE_OUTER_BOUND('',#316,.T.);
#199=FACE_OUTER_BOUND('',#317,.T.);
#200=FACE_OUTER_BOUND('',#318,.T.);
#201=FACE_OUTER_BOUND('',#319,.T.);
#202=FACE_OUTER_BOUND('',#320,.T.);
#203=FACE_OUTER_BOUND('',#321,.T.);
#204=FACE_OUTER_BOUND('',#322,.T.);
#205=FACE_OUTER_BOUND('',#323,.T.);
#206=FACE_OUTER_BOUND('',#324,.T.);
#207=FACE_OUTER_BOUND('',#325,.T.);
#208=FACE_OUTER_BOUND('',#326,.T.);
#209=FACE_OUTER_BOUND('',#327,.T.);
#210=FACE_OUTER_BOUND('',#328,.T.);
#211=EDGE_LOOP('',(#1191,#1192,#1193,#1194));
#212=EDGE_LOOP('',(#1195,#1196,#1197,#1198));
#213=EDGE_LOOP('',(#1199,#1200,#1201,#1202));
#214=EDGE_LOOP('',(#1203,#1204,#1205,#1206));
#215=EDGE_LOOP('',(#1207,#1208,#1209,#1210));
#216=EDGE_LOOP('',(#1211,#1212,#1213,#1214));
#217=EDGE_LOOP('',(#1215,#1216,#1217,#1218));
#218=EDGE_LOOP('',(#1219,#1220,#1221,#1222));
#219=EDGE_LOOP('',(#1223,#1224,#1225,#1226));
#220=EDGE_LOOP('',(#1227,#1228,#1229,#1230));
#221=EDGE_LOOP('',(#1231,#1232,#1233,#1234));
#222=EDGE_LOOP('',(#1235,#1236,#1237,#1238));
#223=EDGE_LOOP('',(#1239,#1240,#1241,#1242));
#224=EDGE_LOOP('',(#1243,#1244,#1245,#1246));
#225=EDGE_LOOP('',(#1247,#1248,#1249,#1250));
#226=EDGE_LOOP('',(#1251,#1252,#1253,#1254));
#227=EDGE_LOOP('',(#1255,#1256,#1257,#1258));
#228=EDGE_LOOP('',(#1259,#1260,#1261,#1262));
#229=EDGE_LOOP('',(#1263,#1264,#1265,#1266));
#230=EDGE_LOOP('',(#1267,#1268,#1269,#1270));
#231=EDGE_LOOP('',(#1271,#1272,#1273,#1274));
#232=EDGE_LOOP('',(#1275,#1276,#1277,#1278));
#233=EDGE_LOOP('',(#1279,#1280,#1281,#1282));
#234=EDGE_LOOP('',(#1283,#1284,#1285,#1286));
#235=EDGE_LOOP('',(#1287,#1288,#1289,#1290));
#236=EDGE_LOOP('',(#1291,#1292,#1293,#1294));
#237=EDGE_LOOP('',(#1295,#1296,#1297,#1298));
#238=EDGE_LOOP('',(#1299,#1300,#1301,#1302));
#239=EDGE_LOOP('',(#1303,#1304,#1305,#1306));
#240=EDGE_LOOP('',(#1307,#1308,#1309,#1310));
#241=EDGE_LOOP('',(#1311,#1312,#1313,#1314));
#242=EDGE_LOOP('',(#1315,#1316,#1317,#1318,#1319));
#243=EDGE_LOOP('',(#1320,#1321,#1322,#1323));
#244=EDGE_LOOP('',(#1324,#1325,#1326,#1327));
#245=EDGE_LOOP('',(#1328,#1329,#1330));
#246=EDGE_LOOP('',(#1331,#1332,#1333,#1334,#1335,#1336));
#247=EDGE_LOOP('',(#1337,#1338,#1339,#1340,#1341));
#248=EDGE_LOOP('',(#1342,#1343,#1344,#1345));
#249=EDGE_LOOP('',(#1346,#1347,#1348,#1349,#1350,#1351));
#250=EDGE_LOOP('',(#1352,#1353,#1354));
#251=EDGE_LOOP('',(#1355,#1356,#1357,#1358));
#252=EDGE_LOOP('',(#1359,#1360,#1361,#1362,#1363,#1364,#1365,#1366,#1367,
#1368,#1369,#1370,#1371,#1372));
#253=EDGE_LOOP('',(#1373,#1374,#1375,#1376));
#254=EDGE_LOOP('',(#1377,#1378,#1379,#1380));
#255=EDGE_LOOP('',(#1381,#1382,#1383,#1384));
#256=EDGE_LOOP('',(#1385,#1386,#1387,#1388));
#257=EDGE_LOOP('',(#1389,#1390,#1391,#1392));
#258=EDGE_LOOP('',(#1393,#1394,#1395,#1396));
#259=EDGE_LOOP('',(#1397,#1398,#1399,#1400));
#260=EDGE_LOOP('',(#1401));
#261=EDGE_LOOP('',(#1402));
#262=EDGE_LOOP('',(#1403,#1404,#1405,#1406));
#263=EDGE_LOOP('',(#1407,#1408,#1409,#1410,#1411,#1412));
#264=EDGE_LOOP('',(#1413,#1414,#1415,#1416,#1417));
#265=EDGE_LOOP('',(#1418,#1419,#1420,#1421,#1422,#1423,#1424,#1425));
#266=EDGE_LOOP('',(#1426,#1427,#1428,#1429,#1430,#1431,#1432));
#267=EDGE_LOOP('',(#1433,#1434,#1435,#1436,#1437,#1438,#1439));
#268=EDGE_LOOP('',(#1440,#1441,#1442,#1443));
#269=EDGE_LOOP('',(#1444,#1445,#1446,#1447));
#270=EDGE_LOOP('',(#1448,#1449,#1450,#1451,#1452,#1453));
#271=EDGE_LOOP('',(#1454,#1455,#1456,#1457,#1458));
#272=EDGE_LOOP('',(#1459,#1460,#1461,#1462,#1463,#1464,#1465,#1466));
#273=EDGE_LOOP('',(#1467,#1468,#1469,#1470));
#274=EDGE_LOOP('',(#1471,#1472,#1473,#1474));
#275=EDGE_LOOP('',(#1475,#1476,#1477,#1478,#1479,#1480,#1481,#1482));
#276=EDGE_LOOP('',(#1483,#1484,#1485,#1486));
#277=EDGE_LOOP('',(#1487,#1488,#1489,#1490,#1491,#1492,#1493,#1494));
#278=EDGE_LOOP('',(#1495,#1496,#1497,#1498,#1499,#1500,#1501,#1502));
#279=EDGE_LOOP('',(#1503,#1504,#1505,#1506));
#280=EDGE_LOOP('',(#1507,#1508,#1509,#1510,#1511,#1512,#1513,#1514));
#281=EDGE_LOOP('',(#1515,#1516,#1517,#1518,#1519,#1520,#1521,#1522));
#282=EDGE_LOOP('',(#1523,#1524,#1525,#1526));
#283=EDGE_LOOP('',(#1527,#1528,#1529,#1530));
#284=EDGE_LOOP('',(#1531,#1532,#1533,#1534));
#285=EDGE_LOOP('',(#1535,#1536,#1537,#1538,#1539,#1540,#1541,#1542));
#286=EDGE_LOOP('',(#1543,#1544,#1545,#1546,#1547,#1548,#1549,#1550));
#287=EDGE_LOOP('',(#1551,#1552,#1553,#1554));
#288=EDGE_LOOP('',(#1555,#1556,#1557,#1558,#1559,#1560,#1561,#1562));
#289=EDGE_LOOP('',(#1563,#1564,#1565,#1566,#1567,#1568,#1569,#1570));
#290=EDGE_LOOP('',(#1571,#1572,#1573,#1574));
#291=EDGE_LOOP('',(#1575,#1576,#1577,#1578));
#292=EDGE_LOOP('',(#1579,#1580,#1581,#1582));
#293=EDGE_LOOP('',(#1583,#1584,#1585,#1586,#1587,#1588,#1589,#1590,#1591,
#1592));
#294=EDGE_LOOP('',(#1593,#1594,#1595,#1596));
#295=EDGE_LOOP('',(#1597,#1598,#1599,#1600));
#296=EDGE_LOOP('',(#1601,#1602,#1603,#1604));
#297=EDGE_LOOP('',(#1605,#1606,#1607,#1608));
#298=EDGE_LOOP('',(#1609,#1610,#1611,#1612));
#299=EDGE_LOOP('',(#1613,#1614,#1615,#1616));
#300=EDGE_LOOP('',(#1617,#1618,#1619,#1620));
#301=EDGE_LOOP('',(#1621));
#302=EDGE_LOOP('',(#1622));
#303=EDGE_LOOP('',(#1623,#1624,#1625,#1626));
#304=EDGE_LOOP('',(#1627,#1628,#1629,#1630));
#305=EDGE_LOOP('',(#1631,#1632,#1633,#1634));
#306=EDGE_LOOP('',(#1635));
#307=EDGE_LOOP('',(#1636));
#308=EDGE_LOOP('',(#1637,#1638,#1639,#1640));
#309=EDGE_LOOP('',(#1641));
#310=EDGE_LOOP('',(#1642));
#311=EDGE_LOOP('',(#1643,#1644,#1645,#1646));
#312=EDGE_LOOP('',(#1647,#1648,#1649,#1650,#1651,#1652,#1653,#1654));
#313=EDGE_LOOP('',(#1655,#1656,#1657,#1658));
#314=EDGE_LOOP('',(#1659,#1660,#1661,#1662));
#315=EDGE_LOOP('',(#1663,#1664,#1665,#1666));
#316=EDGE_LOOP('',(#1667,#1668,#1669,#1670));
#317=EDGE_LOOP('',(#1671,#1672,#1673,#1674));
#318=EDGE_LOOP('',(#1675,#1676,#1677,#1678));
#319=EDGE_LOOP('',(#1679,#1680,#1681,#1682));
#320=EDGE_LOOP('',(#1683,#1684,#1685,#1686));
#321=EDGE_LOOP('',(#1687,#1688,#1689,#1690));
#322=EDGE_LOOP('',(#1691,#1692,#1693,#1694));
#323=EDGE_LOOP('',(#1695,#1696,#1697,#1698));
#324=EDGE_LOOP('',(#1699,#1700,#1701,#1702));
#325=EDGE_LOOP('',(#1703,#1704,#1705,#1706));
#326=EDGE_LOOP('',(#1707,#1708,#1709,#1710));
#327=EDGE_LOOP('',(#1711,#1712,#1713,#1714));
#328=EDGE_LOOP('',(#1715,#1716,#1717,#1718));
#329=LINE('',#2544,#541);
#330=LINE('',#2546,#542);
#331=LINE('',#2548,#543);
#332=LINE('',#2549,#544);
#333=LINE('',#2553,#545);
#334=LINE('',#2555,#546);
#335=LINE('',#2557,#547);
#336=LINE('',#2558,#548);
#337=LINE('',#2561,#549);
#338=LINE('',#2563,#550);
#339=LINE('',#2564,#551);
#340=LINE('',#2568,#552);
#341=LINE('',#2570,#553);
#342=LINE('',#2572,#554);
#343=LINE('',#2573,#555);
#344=LINE('',#2576,#556);
#345=LINE('',#2578,#557);
#346=LINE('',#2579,#558);
#347=LINE('',#2582,#559);
#348=LINE('',#2584,#560);
#349=LINE('',#2585,#561);
#350=LINE('',#2587,#562);
#351=LINE('',#2588,#563);
#352=LINE('',#2592,#564);
#353=LINE('',#2594,#565);
#354=LINE('',#2596,#566);
#355=LINE('',#2597,#567);
#356=LINE('',#2600,#568);
#357=LINE('',#2602,#569);
#358=LINE('',#2603,#570);
#359=LINE('',#2606,#571);
#360=LINE('',#2608,#572);
#361=LINE('',#2609,#573);
#362=LINE('',#2611,#574);
#363=LINE('',#2612,#575);
#364=LINE('',#2616,#576);
#365=LINE('',#2618,#577);
#366=LINE('',#2620,#578);
#367=LINE('',#2621,#579);
#368=LINE('',#2624,#580);
#369=LINE('',#2626,#581);
#370=LINE('',#2627,#582);
#371=LINE('',#2630,#583);
#372=LINE('',#2632,#584);
#373=LINE('',#2633,#585);
#374=LINE('',#2635,#586);
#375=LINE('',#2636,#587);
#376=LINE('',#2640,#588);
#377=LINE('',#2642,#589);
#378=LINE('',#2644,#590);
#379=LINE('',#2645,#591);
#380=LINE('',#2648,#592);
#381=LINE('',#2650,#593);
#382=LINE('',#2651,#594);
#383=LINE('',#2654,#595);
#384=LINE('',#2656,#596);
#385=LINE('',#2657,#597);
#386=LINE('',#2659,#598);
#387=LINE('',#2660,#599);
#388=LINE('',#2664,#600);
#389=LINE('',#2666,#601);
#390=LINE('',#2668,#602);
#391=LINE('',#2669,#603);
#392=LINE('',#2672,#604);
#393=LINE('',#2674,#605);
#394=LINE('',#2675,#606);
#395=LINE('',#2678,#607);
#396=LINE('',#2680,#608);
#397=LINE('',#2681,#609);
#398=LINE('',#2683,#610);
#399=LINE('',#2684,#611);
#400=LINE('',#2688,#612);
#401=LINE('',#2690,#613);
#402=LINE('',#2692,#614);
#403=LINE('',#2693,#615);
#404=LINE('',#2696,#616);
#405=LINE('',#2698,#617);
#406=LINE('',#2699,#618);
#407=LINE('',#2702,#619);
#408=LINE('',#2704,#620);
#409=LINE('',#2705,#621);
#410=LINE('',#2707,#622);
#411=LINE('',#2708,#623);
#412=LINE('',#2712,#624);
#413=LINE('',#2714,#625);
#414=LINE('',#2716,#626);
#415=LINE('',#2717,#627);
#416=LINE('',#2720,#628);
#417=LINE('',#2722,#629);
#418=LINE('',#2723,#630);
#419=LINE('',#2726,#631);
#420=LINE('',#2728,#632);
#421=LINE('',#2729,#633);
#422=LINE('',#2731,#634);
#423=LINE('',#2732,#635);
#424=LINE('',#2738,#636);
#425=LINE('',#2770,#637);
#426=LINE('',#2775,#638);
#427=LINE('',#2778,#639);
#428=LINE('',#2783,#640);
#429=LINE('',#2786,#641);
#430=LINE('',#2791,#642);
#431=LINE('',#2793,#643);
#432=LINE('',#2794,#644);
#433=LINE('',#2800,#645);
#434=LINE('',#2804,#646);
#435=LINE('',#2825,#647);
#436=LINE('',#2827,#648);
#437=LINE('',#2828,#649);
#438=LINE('',#2833,#650);
#439=LINE('',#2835,#651);
#440=LINE('',#2836,#652);
#441=LINE('',#2842,#653);
#442=LINE('',#2845,#654);
#443=LINE('',#2847,#655);
#444=LINE('',#2848,#656);
#445=LINE('',#2850,#657);
#446=LINE('',#2852,#658);
#447=LINE('',#2854,#659);
#448=LINE('',#2856,#660);
#449=LINE('',#2858,#661);
#450=LINE('',#2859,#662);
#451=LINE('',#2868,#663);
#452=LINE('',#2873,#664);
#453=LINE('',#2877,#665);
#454=LINE('',#2881,#666);
#455=LINE('',#2885,#667);
#456=LINE('',#2889,#668);
#457=LINE('',#2903,#669);
#458=LINE('',#2907,#670);
#459=LINE('',#2911,#671);
#460=LINE('',#2915,#672);
#461=LINE('',#2917,#673);
#462=LINE('',#2921,#674);
#463=LINE('',#2922,#675);
#464=LINE('',#2926,#676);
#465=LINE('',#2928,#677);
#466=LINE('',#2930,#678);
#467=LINE('',#2933,#679);
#468=LINE('',#2935,#680);
#469=LINE('',#2937,#681);
#470=LINE('',#2938,#682);
#471=LINE('',#2942,#683);
#472=LINE('',#2945,#684);
#473=LINE('',#2947,#685);
#474=LINE('',#2951,#686);
#475=LINE('',#2954,#687);
#476=LINE('',#2966,#688);
#477=LINE('',#2968,#689);
#478=LINE('',#2970,#690);
#479=LINE('',#2971,#691);
#480=LINE('',#2974,#692);
#481=LINE('',#2975,#693);
#482=LINE('',#2978,#694);
#483=LINE('',#2979,#695);
#484=LINE('',#2981,#696);
#485=LINE('',#2983,#697);
#486=LINE('',#2984,#698);
#487=LINE('',#2986,#699);
#488=LINE('',#2988,#700);
#489=LINE('',#2993,#701);
#490=LINE('',#2995,#702);
#491=LINE('',#2996,#703);
#492=LINE('',#2998,#704);
#493=LINE('',#2999,#705);
#494=LINE('',#3002,#706);
#495=LINE('',#3003,#707);
#496=LINE('',#3004,#708);
#497=LINE('',#3007,#709);
#498=LINE('',#3008,#710);
#499=LINE('',#3010,#711);
#500=LINE('',#3013,#712);
#501=LINE('',#3014,#713);
#502=LINE('',#3016,#714);
#503=LINE('',#3024,#715);
#504=LINE('',#3028,#716);
#505=LINE('',#3032,#717);
#506=LINE('',#3035,#718);
#507=LINE('',#3040,#719);
#508=LINE('',#3044,#720);
#509=LINE('',#3048,#721);
#510=LINE('',#3051,#722);
#511=LINE('',#3055,#723);
#512=LINE('',#3056,#724);
#513=LINE('',#3057,#725);
#514=LINE('',#3059,#726);
#515=LINE('',#3061,#727);
#516=LINE('',#3063,#728);
#517=LINE('',#3071,#729);
#518=LINE('',#3075,#730);
#519=LINE('',#3079,#731);
#520=LINE('',#3084,#732);
#521=LINE('',#3090,#733);
#522=LINE('',#3094,#734);
#523=LINE('',#3098,#735);
#524=LINE('',#3102,#736);
#525=LINE('',#3105,#737);
#526=LINE('',#3106,#738);
#527=LINE('',#3108,#739);
#528=LINE('',#3110,#740);
#529=LINE('',#3112,#741);
#530=LINE('',#3114,#742);
#531=LINE('',#3116,#743);
#532=LINE('',#3118,#744);
#533=LINE('',#3121,#745);
#534=LINE('',#3122,#746);
#535=LINE('',#3124,#747);
#536=LINE('',#3126,#748);
#537=LINE('',#3128,#749);
#538=LINE('',#3130,#750);
#539=LINE('',#3132,#751);
#540=LINE('',#3134,#752);
#541=VECTOR('',#2044,10.);
#542=VECTOR('',#2045,10.);
#543=VECTOR('',#2046,10.);
#544=VECTOR('',#2047,10.);
#545=VECTOR('',#2050,10.);
#546=VECTOR('',#2051,10.);
#547=VECTOR('',#2052,10.);
#548=VECTOR('',#2053,10.);
#549=VECTOR('',#2056,10.);
#550=VECTOR('',#2057,10.);
#551=VECTOR('',#2058,10.);
#552=VECTOR('',#2061,10.);
#553=VECTOR('',#2062,10.);
#554=VECTOR('',#2063,10.);
#555=VECTOR('',#2064,10.);
#556=VECTOR('',#2067,10.);
#557=VECTOR('',#2068,10.);
#558=VECTOR('',#2069,10.);
#559=VECTOR('',#2072,10.);
#560=VECTOR('',#2073,10.);
#561=VECTOR('',#2074,10.);
#562=VECTOR('',#2077,10.);
#563=VECTOR('',#2078,10.);
#564=VECTOR('',#2081,10.);
#565=VECTOR('',#2082,10.);
#566=VECTOR('',#2083,10.);
#567=VECTOR('',#2084,10.);
#568=VECTOR('',#2087,10.);
#569=VECTOR('',#2088,10.);
#570=VECTOR('',#2089,10.);
#571=VECTOR('',#2092,10.);
#572=VECTOR('',#2093,10.);
#573=VECTOR('',#2094,10.);
#574=VECTOR('',#2097,10.);
#575=VECTOR('',#2098,10.);
#576=VECTOR('',#2101,10.);
#577=VECTOR('',#2102,10.);
#578=VECTOR('',#2103,10.);
#579=VECTOR('',#2104,10.);
#580=VECTOR('',#2107,10.);
#581=VECTOR('',#2108,10.);
#582=VECTOR('',#2109,10.);
#583=VECTOR('',#2112,10.);
#584=VECTOR('',#2113,10.);
#585=VECTOR('',#2114,10.);
#586=VECTOR('',#2117,10.);
#587=VECTOR('',#2118,10.);
#588=VECTOR('',#2121,10.);
#589=VECTOR('',#2122,10.);
#590=VECTOR('',#2123,10.);
#591=VECTOR('',#2124,10.);
#592=VECTOR('',#2127,10.);
#593=VECTOR('',#2128,10.);
#594=VECTOR('',#2129,10.);
#595=VECTOR('',#2132,10.);
#596=VECTOR('',#2133,10.);
#597=VECTOR('',#2134,10.);
#598=VECTOR('',#2137,10.);
#599=VECTOR('',#2138,10.);
#600=VECTOR('',#2141,10.);
#601=VECTOR('',#2142,10.);
#602=VECTOR('',#2143,10.);
#603=VECTOR('',#2144,10.);
#604=VECTOR('',#2147,10.);
#605=VECTOR('',#2148,10.);
#606=VECTOR('',#2149,10.);
#607=VECTOR('',#2152,10.);
#608=VECTOR('',#2153,10.);
#609=VECTOR('',#2154,10.);
#610=VECTOR('',#2157,10.);
#611=VECTOR('',#2158,10.);
#612=VECTOR('',#2161,10.);
#613=VECTOR('',#2162,10.);
#614=VECTOR('',#2163,10.);
#615=VECTOR('',#2164,10.);
#616=VECTOR('',#2167,10.);
#617=VECTOR('',#2168,10.);
#618=VECTOR('',#2169,10.);
#619=VECTOR('',#2172,10.);
#620=VECTOR('',#2173,10.);
#621=VECTOR('',#2174,10.);
#622=VECTOR('',#2177,10.);
#623=VECTOR('',#2178,10.);
#624=VECTOR('',#2181,10.);
#625=VECTOR('',#2182,10.);
#626=VECTOR('',#2183,10.);
#627=VECTOR('',#2184,10.);
#628=VECTOR('',#2187,10.);
#629=VECTOR('',#2188,10.);
#630=VECTOR('',#2189,10.);
#631=VECTOR('',#2192,10.);
#632=VECTOR('',#2193,10.);
#633=VECTOR('',#2194,10.);
#634=VECTOR('',#2197,10.);
#635=VECTOR('',#2198,10.);
#636=VECTOR('',#2203,1.);
#637=VECTOR('',#2206,10.);
#638=VECTOR('',#2211,10.);
#639=VECTOR('',#2214,10.);
#640=VECTOR('',#2219,10.);
#641=VECTOR('',#2222,10.);
#642=VECTOR('',#2229,10.);
#643=VECTOR('',#2230,10.);
#644=VECTOR('',#2231,10.);
#645=VECTOR('',#2236,1.);
#646=VECTOR('',#2239,10.);
#647=VECTOR('',#2242,10.);
#648=VECTOR('',#2243,10.);
#649=VECTOR('',#2244,10.);
#650=VECTOR('',#2249,10.);
#651=VECTOR('',#2250,10.);
#652=VECTOR('',#2251,10.);
#653=VECTOR('',#2260,10.);
#654=VECTOR('',#2263,10.);
#655=VECTOR('',#2264,10.);
#656=VECTOR('',#2265,10.);
#657=VECTOR('',#2266,10.);
#658=VECTOR('',#2267,10.);
#659=VECTOR('',#2268,10.);
#660=VECTOR('',#2269,10.);
#661=VECTOR('',#2270,10.);
#662=VECTOR('',#2271,10.);
#663=VECTOR('',#2280,10.);
#664=VECTOR('',#2285,10.);
#665=VECTOR('',#2288,10.);
#666=VECTOR('',#2291,10.);
#667=VECTOR('',#2296,10.);
#668=VECTOR('',#2299,10.);
#669=VECTOR('',#2302,10.);
#670=VECTOR('',#2305,10.);
#671=VECTOR('',#2308,10.);
#672=VECTOR('',#2311,10.);
#673=VECTOR('',#2314,10.);
#674=VECTOR('',#2317,10.);
#675=VECTOR('',#2318,10.);
#676=VECTOR('',#2321,10.);
#677=VECTOR('',#2322,10.);
#678=VECTOR('',#2323,10.);
#679=VECTOR('',#2328,10.);
#680=VECTOR('',#2331,10.);
#681=VECTOR('',#2332,10.);
#682=VECTOR('',#2333,10.);
#683=VECTOR('',#2336,10.);
#684=VECTOR('',#2339,10.);
#685=VECTOR('',#2340,10.);
#686=VECTOR('',#2345,10.);
#687=VECTOR('',#2348,10.);
#688=VECTOR('',#2351,10.);
#689=VECTOR('',#2352,10.);
#690=VECTOR('',#2353,10.);
#691=VECTOR('',#2354,10.);
#692=VECTOR('',#2357,10.);
#693=VECTOR('',#2358,10.);
#694=VECTOR('',#2361,10.);
#695=VECTOR('',#2362,10.);
#696=VECTOR('',#2365,10.);
#697=VECTOR('',#2366,10.);
#698=VECTOR('',#2367,10.);
#699=VECTOR('',#2370,10.);
#700=VECTOR('',#2373,10.);
#701=VECTOR('',#2380,10.);
#702=VECTOR('',#2381,10.);
#703=VECTOR('',#2382,10.);
#704=VECTOR('',#2383,10.);
#705=VECTOR('',#2384,10.);
#706=VECTOR('',#2387,10.);
#707=VECTOR('',#2388,10.);
#708=VECTOR('',#2389,10.);
#709=VECTOR('',#2392,10.);
#710=VECTOR('',#2393,10.);
#711=VECTOR('',#2396,10.);
#712=VECTOR('',#2399,10.);
#713=VECTOR('',#2400,10.);
#714=VECTOR('',#2403,10.);
#715=VECTOR('',#2412,10.);
#716=VECTOR('',#2415,10.);
#717=VECTOR('',#2418,10.);
#718=VECTOR('',#2421,10.);
#719=VECTOR('',#2424,10.);
#720=VECTOR('',#2427,10.);
#721=VECTOR('',#2430,10.);
#722=VECTOR('',#2433,10.);
#723=VECTOR('',#2436,10.);
#724=VECTOR('',#2437,10.);
#725=VECTOR('',#2438,10.);
#726=VECTOR('',#2441,10.);
#727=VECTOR('',#2444,10.);
#728=VECTOR('',#2447,10.);
#729=VECTOR('',#2456,1.5);
#730=VECTOR('',#2461,1.5);
#731=VECTOR('',#2466,2.5);
#732=VECTOR('',#2473,2.5);
#733=VECTOR('',#2480,10.);
#734=VECTOR('',#2483,10.);
#735=VECTOR('',#2486,10.);
#736=VECTOR('',#2489,10.);
#737=VECTOR('',#2494,10.);
#738=VECTOR('',#2495,10.);
#739=VECTOR('',#2498,10.);
#740=VECTOR('',#2501,10.);
#741=VECTOR('',#2504,10.);
#742=VECTOR('',#2507,10.);
#743=VECTOR('',#2510,10.);
#744=VECTOR('',#2513,10.);
#745=VECTOR('',#2518,10.);
#746=VECTOR('',#2519,10.);
#747=VECTOR('',#2522,10.);
#748=VECTOR('',#2525,10.);
#749=VECTOR('',#2528,10.);
#750=VECTOR('',#2531,10.);
#751=VECTOR('',#2534,10.);
#752=VECTOR('',#2537,10.);
#753=VERTEX_POINT('',#2542);
#754=VERTEX_POINT('',#2543);
#755=VERTEX_POINT('',#2545);
#756=VERTEX_POINT('',#2547);
#757=VERTEX_POINT('',#2551);
#758=VERTEX_POINT('',#2552);
#759=VERTEX_POINT('',#2554);
#760=VERTEX_POINT('',#2556);
#761=VERTEX_POINT('',#2560);
#762=VERTEX_POINT('',#2562);
#763=VERTEX_POINT('',#2566);
#764=VERTEX_POINT('',#2567);
#765=VERTEX_POINT('',#2569);
#766=VERTEX_POINT('',#2571);
#767=VERTEX_POINT('',#2575);
#768=VERTEX_POINT('',#2577);
#769=VERTEX_POINT('',#2581);
#770=VERTEX_POINT('',#2583);
#771=VERTEX_POINT('',#2590);
#772=VERTEX_POINT('',#2591);
#773=VERTEX_POINT('',#2593);
#774=VERTEX_POINT('',#2595);
#775=VERTEX_POINT('',#2599);
#776=VERTEX_POINT('',#2601);
#777=VERTEX_POINT('',#2605);
#778=VERTEX_POINT('',#2607);
#779=VERTEX_POINT('',#2614);
#780=VERTEX_POINT('',#2615);
#781=VERTEX_POINT('',#2617);
#782=VERTEX_POINT('',#2619);
#783=VERTEX_POINT('',#2623);
#784=VERTEX_POINT('',#2625);
#785=VERTEX_POINT('',#2629);
#786=VERTEX_POINT('',#2631);
#787=VERTEX_POINT('',#2638);
#788=VERTEX_POINT('',#2639);
#789=VERTEX_POINT('',#2641);
#790=VERTEX_POINT('',#2643);
#791=VERTEX_POINT('',#2647);
#792=VERTEX_POINT('',#2649);
#793=VERTEX_POINT('',#2653);
#794=VERTEX_POINT('',#2655);
#795=VERTEX_POINT('',#2662);
#796=VERTEX_POINT('',#2663);
#797=VERTEX_POINT('',#2665);
#798=VERTEX_POINT('',#2667);
#799=VERTEX_POINT('',#2671);
#800=VERTEX_POINT('',#2673);
#801=VERTEX_POINT('',#2677);
#802=VERTEX_POINT('',#2679);
#803=VERTEX_POINT('',#2686);
#804=VERTEX_POINT('',#2687);
#805=VERTEX_POINT('',#2689);
#806=VERTEX_POINT('',#2691);
#807=VERTEX_POINT('',#2695);
#808=VERTEX_POINT('',#2697);
#809=VERTEX_POINT('',#2701);
#810=VERTEX_POINT('',#2703);
#811=VERTEX_POINT('',#2710);
#812=VERTEX_POINT('',#2711);
#813=VERTEX_POINT('',#2713);
#814=VERTEX_POINT('',#2715);
#815=VERTEX_POINT('',#2719);
#816=VERTEX_POINT('',#2721);
#817=VERTEX_POINT('',#2725);
#818=VERTEX_POINT('',#2727);
#819=VERTEX_POINT('',#2734);
#820=VERTEX_POINT('',#2735);
#821=VERTEX_POINT('',#2737);
#822=VERTEX_POINT('',#2739);
#823=VERTEX_POINT('',#2741);
#824=VERTEX_POINT('',#2772);
#825=VERTEX_POINT('',#2774);
#826=VERTEX_POINT('',#2776);
#827=VERTEX_POINT('',#2780);
#828=VERTEX_POINT('',#2781);
#829=VERTEX_POINT('',#2784);
#830=VERTEX_POINT('',#2790);
#831=VERTEX_POINT('',#2792);
#832=VERTEX_POINT('',#2796);
#833=VERTEX_POINT('',#2797);
#834=VERTEX_POINT('',#2799);
#835=VERTEX_POINT('',#2801);
#836=VERTEX_POINT('',#2803);
#837=VERTEX_POINT('',#2824);
#838=VERTEX_POINT('',#2826);
#839=VERTEX_POINT('',#2830);
#840=VERTEX_POINT('',#2832);
#841=VERTEX_POINT('',#2834);
#842=VERTEX_POINT('',#2840);
#843=VERTEX_POINT('',#2844);
#844=VERTEX_POINT('',#2846);
#845=VERTEX_POINT('',#2849);
#846=VERTEX_POINT('',#2851);
#847=VERTEX_POINT('',#2853);
#848=VERTEX_POINT('',#2855);
#849=VERTEX_POINT('',#2857);
#850=VERTEX_POINT('',#2860);
#851=VERTEX_POINT('',#2862);
#852=VERTEX_POINT('',#2865);
#853=VERTEX_POINT('',#2867);
#854=VERTEX_POINT('',#2871);
#855=VERTEX_POINT('',#2872);
#856=VERTEX_POINT('',#2874);
#857=VERTEX_POINT('',#2876);
#858=VERTEX_POINT('',#2878);
#859=VERTEX_POINT('',#2880);
#860=VERTEX_POINT('',#2884);
#861=VERTEX_POINT('',#2886);
#862=VERTEX_POINT('',#2888);
#863=VERTEX_POINT('',#2901);
#864=VERTEX_POINT('',#2902);
#865=VERTEX_POINT('',#2904);
#866=VERTEX_POINT('',#2906);
#867=VERTEX_POINT('',#2908);
#868=VERTEX_POINT('',#2910);
#869=VERTEX_POINT('',#2912);
#870=VERTEX_POINT('',#2914);
#871=VERTEX_POINT('',#2918);
#872=VERTEX_POINT('',#2920);
#873=VERTEX_POINT('',#2923);
#874=VERTEX_POINT('',#2924);
#875=VERTEX_POINT('',#2927);
#876=VERTEX_POINT('',#2929);
#877=VERTEX_POINT('',#2936);
#878=VERTEX_POINT('',#2940);
#879=VERTEX_POINT('',#2941);
#880=VERTEX_POINT('',#2943);
#881=VERTEX_POINT('',#2946);
#882=VERTEX_POINT('',#2950);
#883=VERTEX_POINT('',#2952);
#884=VERTEX_POINT('',#2967);
#885=VERTEX_POINT('',#2969);
#886=VERTEX_POINT('',#2973);
#887=VERTEX_POINT('',#2977);
#888=VERTEX_POINT('',#2982);
#889=VERTEX_POINT('',#2992);
#890=VERTEX_POINT('',#2994);
#891=VERTEX_POINT('',#2997);
#892=VERTEX_POINT('',#3001);
#893=VERTEX_POINT('',#3006);
#894=VERTEX_POINT('',#3012);
#895=VERTEX_POINT('',#3020);
#896=VERTEX_POINT('',#3021);
#897=VERTEX_POINT('',#3023);
#898=VERTEX_POINT('',#3025);
#899=VERTEX_POINT('',#3027);
#900=VERTEX_POINT('',#3029);
#901=VERTEX_POINT('',#3031);
#902=VERTEX_POINT('',#3033);
#903=VERTEX_POINT('',#3036);
#904=VERTEX_POINT('',#3037);
#905=VERTEX_POINT('',#3039);
#906=VERTEX_POINT('',#3041);
#907=VERTEX_POINT('',#3043);
#908=VERTEX_POINT('',#3045);
#909=VERTEX_POINT('',#3047);
#910=VERTEX_POINT('',#3049);
#911=VERTEX_POINT('',#3053);
#912=VERTEX_POINT('',#3054);
#913=VERTEX_POINT('',#3064);
#914=VERTEX_POINT('',#3066);
#915=VERTEX_POINT('',#3069);
#916=VERTEX_POINT('',#3073);
#917=VERTEX_POINT('',#3077);
#918=VERTEX_POINT('',#3082);
#919=VERTEX_POINT('',#3088);
#920=VERTEX_POINT('',#3089);
#921=VERTEX_POINT('',#3091);
#922=VERTEX_POINT('',#3093);
#923=VERTEX_POINT('',#3095);
#924=VERTEX_POINT('',#3097);
#925=VERTEX_POINT('',#3099);
#926=VERTEX_POINT('',#3101);
#927=EDGE_CURVE('',#753,#754,#329,.T.);
#928=EDGE_CURVE('',#754,#755,#330,.T.);
#929=EDGE_CURVE('',#756,#755,#331,.T.);
#930=EDGE_CURVE('',#756,#753,#332,.T.);
#931=EDGE_CURVE('',#757,#758,#333,.T.);
#932=EDGE_CURVE('',#757,#759,#334,.T.);
#933=EDGE_CURVE('',#759,#760,#335,.T.);
#934=EDGE_CURVE('',#760,#758,#336,.T.);
#935=EDGE_CURVE('',#761,#758,#337,.T.);
#936=EDGE_CURVE('',#761,#762,#338,.T.);
#937=EDGE_CURVE('',#757,#762,#339,.T.);
#938=EDGE_CURVE('',#763,#764,#340,.T.);
#939=EDGE_CURVE('',#765,#763,#341,.T.);
#940=EDGE_CURVE('',#766,#765,#342,.T.);
#941=EDGE_CURVE('',#766,#764,#343,.T.);
#942=EDGE_CURVE('',#764,#767,#344,.T.);
#943=EDGE_CURVE('',#768,#766,#345,.T.);
#944=EDGE_CURVE('',#768,#767,#346,.T.);
#945=EDGE_CURVE('',#767,#769,#347,.T.);
#946=EDGE_CURVE('',#770,#768,#348,.T.);
#947=EDGE_CURVE('',#770,#769,#349,.T.);
#948=EDGE_CURVE('',#769,#763,#350,.T.);
#949=EDGE_CURVE('',#765,#770,#351,.T.);
#950=EDGE_CURVE('',#771,#772,#352,.T.);
#951=EDGE_CURVE('',#773,#771,#353,.T.);
#952=EDGE_CURVE('',#774,#773,#354,.T.);
#953=EDGE_CURVE('',#774,#772,#355,.T.);
#954=EDGE_CURVE('',#772,#775,#356,.T.);
#955=EDGE_CURVE('',#776,#774,#357,.T.);
#956=EDGE_CURVE('',#776,#775,#358,.T.);
#957=EDGE_CURVE('',#775,#777,#359,.T.);
#958=EDGE_CURVE('',#778,#776,#360,.T.);
#959=EDGE_CURVE('',#778,#777,#361,.T.);
#960=EDGE_CURVE('',#777,#771,#362,.T.);
#961=EDGE_CURVE('',#773,#778,#363,.T.);
#962=EDGE_CURVE('',#779,#780,#364,.T.);
#963=EDGE_CURVE('',#781,#779,#365,.T.);
#964=EDGE_CURVE('',#782,#781,#366,.T.);
#965=EDGE_CURVE('',#782,#780,#367,.T.);
#966=EDGE_CURVE('',#780,#783,#368,.T.);
#967=EDGE_CURVE('',#784,#782,#369,.T.);
#968=EDGE_CURVE('',#784,#783,#370,.T.);
#969=EDGE_CURVE('',#783,#785,#371,.T.);
#970=EDGE_CURVE('',#786,#784,#372,.T.);
#971=EDGE_CURVE('',#786,#785,#373,.T.);
#972=EDGE_CURVE('',#785,#779,#374,.T.);
#973=EDGE_CURVE('',#781,#786,#375,.T.);
#974=EDGE_CURVE('',#787,#788,#376,.T.);
#975=EDGE_CURVE('',#789,#787,#377,.T.);
#976=EDGE_CURVE('',#790,#789,#378,.T.);
#977=EDGE_CURVE('',#790,#788,#379,.T.);
#978=EDGE_CURVE('',#788,#791,#380,.T.);
#979=EDGE_CURVE('',#792,#790,#381,.T.);
#980=EDGE_CURVE('',#792,#791,#382,.T.);
#981=EDGE_CURVE('',#791,#793,#383,.T.);
#982=EDGE_CURVE('',#794,#792,#384,.T.);
#983=EDGE_CURVE('',#794,#793,#385,.T.);
#984=EDGE_CURVE('',#793,#787,#386,.T.);
#985=EDGE_CURVE('',#789,#794,#387,.T.);
#986=EDGE_CURVE('',#795,#796,#388,.T.);
#987=EDGE_CURVE('',#797,#795,#389,.T.);
#988=EDGE_CURVE('',#798,#797,#390,.T.);
#989=EDGE_CURVE('',#798,#796,#391,.T.);
#990=EDGE_CURVE('',#796,#799,#392,.T.);
#991=EDGE_CURVE('',#800,#798,#393,.T.);
#992=EDGE_CURVE('',#800,#799,#394,.T.);
#993=EDGE_CURVE('',#799,#801,#395,.T.);
#994=EDGE_CURVE('',#802,#800,#396,.T.);
#995=EDGE_CURVE('',#802,#801,#397,.T.);
#996=EDGE_CURVE('',#801,#795,#398,.T.);
#997=EDGE_CURVE('',#797,#802,#399,.T.);
#998=EDGE_CURVE('',#803,#804,#400,.T.);
#999=EDGE_CURVE('',#805,#803,#401,.T.);
#1000=EDGE_CURVE('',#806,#805,#402,.T.);
#1001=EDGE_CURVE('',#806,#804,#403,.T.);
#1002=EDGE_CURVE('',#804,#807,#404,.T.);
#1003=EDGE_CURVE('',#808,#806,#405,.T.);
#1004=EDGE_CURVE('',#808,#807,#406,.T.);
#1005=EDGE_CURVE('',#807,#809,#407,.T.);
#1006=EDGE_CURVE('',#810,#808,#408,.T.);
#1007=EDGE_CURVE('',#810,#809,#409,.T.);
#1008=EDGE_CURVE('',#809,#803,#410,.T.);
#1009=EDGE_CURVE('',#805,#810,#411,.T.);
#1010=EDGE_CURVE('',#811,#812,#412,.T.);
#1011=EDGE_CURVE('',#813,#811,#413,.T.);
#1012=EDGE_CURVE('',#814,#813,#414,.T.);
#1013=EDGE_CURVE('',#814,#812,#415,.T.);
#1014=EDGE_CURVE('',#812,#815,#416,.T.);
#1015=EDGE_CURVE('',#816,#814,#417,.T.);
#1016=EDGE_CURVE('',#816,#815,#418,.T.);
#1017=EDGE_CURVE('',#815,#817,#419,.T.);
#1018=EDGE_CURVE('',#818,#816,#420,.T.);
#1019=EDGE_CURVE('',#818,#817,#421,.T.);
#1020=EDGE_CURVE('',#817,#811,#422,.T.);
#1021=EDGE_CURVE('',#813,#818,#423,.T.);
#1022=EDGE_CURVE('',#819,#820,#84,.T.);
#1023=EDGE_CURVE('',#820,#821,#424,.T.);
#1024=EDGE_CURVE('',#822,#821,#44,.T.);
#1025=EDGE_CURVE('',#823,#822,#40,.T.);
#1026=EDGE_CURVE('',#819,#823,#425,.T.);
#1027=EDGE_CURVE('',#824,#819,#85,.T.);
#1028=EDGE_CURVE('',#825,#819,#426,.T.);
#1029=EDGE_CURVE('',#826,#825,#45,.T.);
#1030=EDGE_CURVE('',#826,#824,#427,.T.);
#1031=EDGE_CURVE('',#827,#828,#46,.F.);
#1032=EDGE_CURVE('',#827,#823,#428,.T.);
#1033=EDGE_CURVE('',#823,#829,#47,.T.);
#1034=EDGE_CURVE('',#829,#828,#429,.T.);
#1035=EDGE_CURVE('',#822,#829,#48,.T.);
#1036=EDGE_CURVE('',#821,#830,#430,.T.);
#1037=EDGE_CURVE('',#831,#830,#431,.T.);
#1038=EDGE_CURVE('',#828,#831,#432,.T.);
#1039=EDGE_CURVE('',#832,#833,#49,.T.);
#1040=EDGE_CURVE('',#832,#834,#433,.T.);
#1041=EDGE_CURVE('',#835,#834,#86,.F.);
#1042=EDGE_CURVE('',#835,#836,#434,.T.);
#1043=EDGE_CURVE('',#833,#836,#41,.T.);
#1044=EDGE_CURVE('',#837,#832,#435,.T.);
#1045=EDGE_CURVE('',#838,#837,#436,.T.);
#1046=EDGE_CURVE('',#834,#838,#437,.T.);
#1047=EDGE_CURVE('',#839,#833,#50,.T.);
#1048=EDGE_CURVE('',#840,#839,#438,.T.);
#1049=EDGE_CURVE('',#840,#841,#439,.T.);
#1050=EDGE_CURVE('',#837,#841,#440,.T.);
#1051=EDGE_CURVE('',#836,#839,#51,.T.);
#1052=EDGE_CURVE('',#842,#840,#52,.T.);
#1053=EDGE_CURVE('',#836,#842,#441,.T.);
#1054=EDGE_CURVE('',#827,#843,#442,.T.);
#1055=EDGE_CURVE('',#844,#843,#443,.T.);
#1056=EDGE_CURVE('',#844,#842,#444,.T.);
#1057=EDGE_CURVE('',#845,#835,#445,.T.);
#1058=EDGE_CURVE('',#846,#845,#446,.T.);
#1059=EDGE_CURVE('',#846,#847,#447,.T.);
#1060=EDGE_CURVE('',#847,#848,#448,.T.);
#1061=EDGE_CURVE('',#848,#849,#449,.T.);
#1062=EDGE_CURVE('',#825,#849,#450,.T.);
#1063=EDGE_CURVE('',#850,#850,#53,.T.);
#1064=EDGE_CURVE('',#851,#851,#54,.T.);
#1065=EDGE_CURVE('',#835,#852,#87,.T.);
#1066=EDGE_CURVE('',#853,#852,#451,.T.);
#1067=EDGE_CURVE('',#845,#853,#55,.T.);
#1068=EDGE_CURVE('',#854,#855,#452,.T.);
#1069=EDGE_CURVE('',#856,#855,#56,.T.);
#1070=EDGE_CURVE('',#857,#856,#453,.F.);
#1071=EDGE_CURVE('',#857,#858,#88,.T.);
#1072=EDGE_CURVE('',#858,#859,#454,.T.);
#1073=EDGE_CURVE('',#859,#854,#89,.T.);
#1074=EDGE_CURVE('',#859,#860,#455,.T.);
#1075=EDGE_CURVE('',#860,#861,#57,.T.);
#1076=EDGE_CURVE('',#861,#862,#456,.T.);
#1077=EDGE_CURVE('',#862,#854,#42,.T.);
#1078=EDGE_CURVE('',#863,#864,#457,.T.);
#1079=EDGE_CURVE('',#864,#865,#58,.T.);
#1080=EDGE_CURVE('',#865,#866,#458,.T.);
#1081=EDGE_CURVE('',#866,#867,#59,.T.);
#1082=EDGE_CURVE('',#867,#868,#459,.T.);
#1083=EDGE_CURVE('',#868,#869,#60,.T.);
#1084=EDGE_CURVE('',#869,#870,#460,.T.);
#1085=EDGE_CURVE('',#870,#863,#61,.T.);
#1086=EDGE_CURVE('',#853,#856,#461,.T.);
#1087=EDGE_CURVE('',#855,#871,#62,.T.);
#1088=EDGE_CURVE('',#871,#872,#462,.T.);
#1089=EDGE_CURVE('',#846,#872,#463,.T.);
#1090=EDGE_CURVE('',#873,#874,#63,.T.);
#1091=EDGE_CURVE('',#874,#826,#464,.T.);
#1092=EDGE_CURVE('',#849,#875,#465,.T.);
#1093=EDGE_CURVE('',#875,#876,#466,.T.);
#1094=EDGE_CURVE('',#876,#873,#64,.T.);
#1095=EDGE_CURVE('',#871,#862,#467,.T.);
#1096=EDGE_CURVE('',#861,#844,#468,.T.);
#1097=EDGE_CURVE('',#843,#877,#469,.T.);
#1098=EDGE_CURVE('',#877,#861,#470,.T.);
#1099=EDGE_CURVE('',#878,#879,#471,.T.);
#1100=EDGE_CURVE('',#880,#879,#90,.F.);
#1101=EDGE_CURVE('',#880,#874,#472,.T.);
#1102=EDGE_CURVE('',#873,#881,#473,.T.);
#1103=EDGE_CURVE('',#881,#878,#91,.T.);
#1104=EDGE_CURVE('',#882,#877,#474,.T.);
#1105=EDGE_CURVE('',#877,#883,#65,.T.);
#1106=EDGE_CURVE('',#883,#878,#475,.T.);
#1107=EDGE_CURVE('',#881,#882,#43,.T.);
#1108=EDGE_CURVE('',#883,#761,#476,.T.);
#1109=EDGE_CURVE('',#884,#760,#477,.T.);
#1110=EDGE_CURVE('',#884,#885,#478,.T.);
#1111=EDGE_CURVE('',#885,#879,#479,.T.);
#1112=EDGE_CURVE('',#886,#759,#480,.T.);
#1113=EDGE_CURVE('',#884,#886,#481,.T.);
#1114=EDGE_CURVE('',#887,#886,#482,.T.);
#1115=EDGE_CURVE('',#885,#887,#483,.T.);
#1116=EDGE_CURVE('',#824,#880,#484,.T.);
#1117=EDGE_CURVE('',#888,#887,#485,.T.);
#1118=EDGE_CURVE('',#820,#888,#486,.T.);
#1119=EDGE_CURVE('',#830,#888,#487,.T.);
#1120=EDGE_CURVE('',#762,#831,#488,.T.);
#1121=EDGE_CURVE('',#858,#889,#489,.T.);
#1122=EDGE_CURVE('',#889,#890,#490,.T.);
#1123=EDGE_CURVE('',#890,#753,#491,.T.);
#1124=EDGE_CURVE('',#756,#891,#492,.T.);
#1125=EDGE_CURVE('',#891,#860,#493,.T.);
#1126=EDGE_CURVE('',#892,#838,#494,.T.);
#1127=EDGE_CURVE('',#889,#892,#495,.T.);
#1128=EDGE_CURVE('',#852,#857,#496,.T.);
#1129=EDGE_CURVE('',#893,#892,#497,.T.);
#1130=EDGE_CURVE('',#890,#893,#498,.T.);
#1131=EDGE_CURVE('',#893,#754,#499,.T.);
#1132=EDGE_CURVE('',#894,#755,#500,.T.);
#1133=EDGE_CURVE('',#891,#894,#501,.T.);
#1134=EDGE_CURVE('',#841,#894,#502,.T.);
#1135=EDGE_CURVE('',#895,#896,#66,.T.);
#1136=EDGE_CURVE('',#896,#897,#503,.T.);
#1137=EDGE_CURVE('',#897,#898,#67,.T.);
#1138=EDGE_CURVE('',#898,#899,#504,.T.);
#1139=EDGE_CURVE('',#899,#900,#68,.T.);
#1140=EDGE_CURVE('',#900,#901,#505,.T.);
#1141=EDGE_CURVE('',#901,#902,#69,.T.);
#1142=EDGE_CURVE('',#902,#895,#506,.T.);
#1143=EDGE_CURVE('',#903,#904,#70,.T.);
#1144=EDGE_CURVE('',#904,#905,#507,.T.);
#1145=EDGE_CURVE('',#905,#906,#71,.T.);
#1146=EDGE_CURVE('',#906,#907,#508,.T.);
#1147=EDGE_CURVE('',#907,#908,#72,.T.);
#1148=EDGE_CURVE('',#908,#909,#509,.T.);
#1149=EDGE_CURVE('',#909,#910,#73,.T.);
#1150=EDGE_CURVE('',#910,#903,#510,.T.);
#1151=EDGE_CURVE('',#911,#912,#511,.T.);
#1152=EDGE_CURVE('',#848,#911,#512,.T.);
#1153=EDGE_CURVE('',#847,#912,#513,.T.);
#1154=EDGE_CURVE('',#912,#872,#514,.T.);
#1155=EDGE_CURVE('',#875,#911,#515,.T.);
#1156=EDGE_CURVE('',#876,#882,#516,.T.);
#1157=EDGE_CURVE('',#913,#913,#74,.T.);
#1158=EDGE_CURVE('',#914,#914,#75,.T.);
#1159=EDGE_CURVE('',#915,#915,#76,.T.);
#1160=EDGE_CURVE('',#915,#914,#517,.T.);
#1161=EDGE_CURVE('',#916,#916,#77,.T.);
#1162=EDGE_CURVE('',#916,#913,#518,.T.);
#1163=EDGE_CURVE('',#917,#917,#78,.T.);
#1164=EDGE_CURVE('',#917,#850,#519,.T.);
#1165=EDGE_CURVE('',#918,#918,#79,.T.);
#1166=EDGE_CURVE('',#918,#851,#520,.T.);
#1167=EDGE_CURVE('',#919,#920,#521,.T.);
#1168=EDGE_CURVE('',#920,#921,#80,.T.);
#1169=EDGE_CURVE('',#921,#922,#522,.T.);
#1170=EDGE_CURVE('',#922,#923,#81,.T.);
#1171=EDGE_CURVE('',#923,#924,#523,.T.);
#1172=EDGE_CURVE('',#924,#925,#82,.T.);
#1173=EDGE_CURVE('',#925,#926,#524,.T.);
#1174=EDGE_CURVE('',#926,#919,#83,.T.);
#1175=EDGE_CURVE('',#920,#904,#525,.T.);
#1176=EDGE_CURVE('',#905,#919,#526,.T.);
#1177=EDGE_CURVE('',#906,#926,#527,.T.);
#1178=EDGE_CURVE('',#907,#925,#528,.T.);
#1179=EDGE_CURVE('',#908,#924,#529,.T.);
#1180=EDGE_CURVE('',#909,#923,#530,.T.);
#1181=EDGE_CURVE('',#910,#922,#531,.T.);
#1182=EDGE_CURVE('',#903,#921,#532,.T.);
#1183=EDGE_CURVE('',#864,#896,#533,.T.);
#1184=EDGE_CURVE('',#897,#863,#534,.T.);
#1185=EDGE_CURVE('',#898,#870,#535,.T.);
#1186=EDGE_CURVE('',#899,#869,#536,.T.);
#1187=EDGE_CURVE('',#900,#868,#537,.T.);
#1188=EDGE_CURVE('',#901,#867,#538,.T.);
#1189=EDGE_CURVE('',#902,#866,#539,.T.);
#1190=EDGE_CURVE('',#895,#865,#540,.T.);
#1191=ORIENTED_EDGE('',*,*,#927,.T.);
#1192=ORIENTED_EDGE('',*,*,#928,.T.);
#1193=ORIENTED_EDGE('',*,*,#929,.F.);
#1194=ORIENTED_EDGE('',*,*,#930,.T.);
#1195=ORIENTED_EDGE('',*,*,#931,.F.);
#1196=ORIENTED_EDGE('',*,*,#932,.T.);
#1197=ORIENTED_EDGE('',*,*,#933,.T.);
#1198=ORIENTED_EDGE('',*,*,#934,.T.);
#1199=ORIENTED_EDGE('',*,*,#931,.T.);
#1200=ORIENTED_EDGE('',*,*,#935,.F.);
#1201=ORIENTED_EDGE('',*,*,#936,.T.);
#1202=ORIENTED_EDGE('',*,*,#937,.F.);
#1203=ORIENTED_EDGE('',*,*,#938,.F.);
#1204=ORIENTED_EDGE('',*,*,#939,.F.);
#1205=ORIENTED_EDGE('',*,*,#940,.F.);
#1206=ORIENTED_EDGE('',*,*,#941,.T.);
#1207=ORIENTED_EDGE('',*,*,#942,.F.);
#1208=ORIENTED_EDGE('',*,*,#941,.F.);
#1209=ORIENTED_EDGE('',*,*,#943,.F.);
#1210=ORIENTED_EDGE('',*,*,#944,.T.);
#1211=ORIENTED_EDGE('',*,*,#945,.F.);
#1212=ORIENTED_EDGE('',*,*,#944,.F.);
#1213=ORIENTED_EDGE('',*,*,#946,.F.);
#1214=ORIENTED_EDGE('',*,*,#947,.T.);
#1215=ORIENTED_EDGE('',*,*,#948,.F.);
#1216=ORIENTED_EDGE('',*,*,#947,.F.);
#1217=ORIENTED_EDGE('',*,*,#949,.F.);
#1218=ORIENTED_EDGE('',*,*,#939,.T.);
#1219=ORIENTED_EDGE('',*,*,#950,.F.);
#1220=ORIENTED_EDGE('',*,*,#951,.F.);
#1221=ORIENTED_EDGE('',*,*,#952,.F.);
#1222=ORIENTED_EDGE('',*,*,#953,.T.);
#1223=ORIENTED_EDGE('',*,*,#954,.F.);
#1224=ORIENTED_EDGE('',*,*,#953,.F.);
#1225=ORIENTED_EDGE('',*,*,#955,.F.);
#1226=ORIENTED_EDGE('',*,*,#956,.T.);
#1227=ORIENTED_EDGE('',*,*,#957,.F.);
#1228=ORIENTED_EDGE('',*,*,#956,.F.);
#1229=ORIENTED_EDGE('',*,*,#958,.F.);
#1230=ORIENTED_EDGE('',*,*,#959,.T.);
#1231=ORIENTED_EDGE('',*,*,#960,.F.);
#1232=ORIENTED_EDGE('',*,*,#959,.F.);
#1233=ORIENTED_EDGE('',*,*,#961,.F.);
#1234=ORIENTED_EDGE('',*,*,#951,.T.);
#1235=ORIENTED_EDGE('',*,*,#962,.F.);
#1236=ORIENTED_EDGE('',*,*,#963,.F.);
#1237=ORIENTED_EDGE('',*,*,#964,.F.);
#1238=ORIENTED_EDGE('',*,*,#965,.T.);
#1239=ORIENTED_EDGE('',*,*,#966,.F.);
#1240=ORIENTED_EDGE('',*,*,#965,.F.);
#1241=ORIENTED_EDGE('',*,*,#967,.F.);
#1242=ORIENTED_EDGE('',*,*,#968,.T.);
#1243=ORIENTED_EDGE('',*,*,#969,.F.);
#1244=ORIENTED_EDGE('',*,*,#968,.F.);
#1245=ORIENTED_EDGE('',*,*,#970,.F.);
#1246=ORIENTED_EDGE('',*,*,#971,.T.);
#1247=ORIENTED_EDGE('',*,*,#972,.F.);
#1248=ORIENTED_EDGE('',*,*,#971,.F.);
#1249=ORIENTED_EDGE('',*,*,#973,.F.);
#1250=ORIENTED_EDGE('',*,*,#963,.T.);
#1251=ORIENTED_EDGE('',*,*,#974,.F.);
#1252=ORIENTED_EDGE('',*,*,#975,.F.);
#1253=ORIENTED_EDGE('',*,*,#976,.F.);
#1254=ORIENTED_EDGE('',*,*,#977,.T.);
#1255=ORIENTED_EDGE('',*,*,#978,.F.);
#1256=ORIENTED_EDGE('',*,*,#977,.F.);
#1257=ORIENTED_EDGE('',*,*,#979,.F.);
#1258=ORIENTED_EDGE('',*,*,#980,.T.);
#1259=ORIENTED_EDGE('',*,*,#981,.F.);
#1260=ORIENTED_EDGE('',*,*,#980,.F.);
#1261=ORIENTED_EDGE('',*,*,#982,.F.);
#1262=ORIENTED_EDGE('',*,*,#983,.T.);
#1263=ORIENTED_EDGE('',*,*,#984,.F.);
#1264=ORIENTED_EDGE('',*,*,#983,.F.);
#1265=ORIENTED_EDGE('',*,*,#985,.F.);
#1266=ORIENTED_EDGE('',*,*,#975,.T.);
#1267=ORIENTED_EDGE('',*,*,#986,.F.);
#1268=ORIENTED_EDGE('',*,*,#987,.F.);
#1269=ORIENTED_EDGE('',*,*,#988,.F.);
#1270=ORIENTED_EDGE('',*,*,#989,.T.);
#1271=ORIENTED_EDGE('',*,*,#990,.F.);
#1272=ORIENTED_EDGE('',*,*,#989,.F.);
#1273=ORIENTED_EDGE('',*,*,#991,.F.);
#1274=ORIENTED_EDGE('',*,*,#992,.T.);
#1275=ORIENTED_EDGE('',*,*,#993,.F.);
#1276=ORIENTED_EDGE('',*,*,#992,.F.);
#1277=ORIENTED_EDGE('',*,*,#994,.F.);
#1278=ORIENTED_EDGE('',*,*,#995,.T.);
#1279=ORIENTED_EDGE('',*,*,#996,.F.);
#1280=ORIENTED_EDGE('',*,*,#995,.F.);
#1281=ORIENTED_EDGE('',*,*,#997,.F.);
#1282=ORIENTED_EDGE('',*,*,#987,.T.);
#1283=ORIENTED_EDGE('',*,*,#998,.F.);
#1284=ORIENTED_EDGE('',*,*,#999,.F.);
#1285=ORIENTED_EDGE('',*,*,#1000,.F.);
#1286=ORIENTED_EDGE('',*,*,#1001,.T.);
#1287=ORIENTED_EDGE('',*,*,#1002,.F.);
#1288=ORIENTED_EDGE('',*,*,#1001,.F.);
#1289=ORIENTED_EDGE('',*,*,#1003,.F.);
#1290=ORIENTED_EDGE('',*,*,#1004,.T.);
#1291=ORIENTED_EDGE('',*,*,#1005,.F.);
#1292=ORIENTED_EDGE('',*,*,#1004,.F.);
#1293=ORIENTED_EDGE('',*,*,#1006,.F.);
#1294=ORIENTED_EDGE('',*,*,#1007,.T.);
#1295=ORIENTED_EDGE('',*,*,#1008,.F.);
#1296=ORIENTED_EDGE('',*,*,#1007,.F.);
#1297=ORIENTED_EDGE('',*,*,#1009,.F.);
#1298=ORIENTED_EDGE('',*,*,#999,.T.);
#1299=ORIENTED_EDGE('',*,*,#1010,.F.);
#1300=ORIENTED_EDGE('',*,*,#1011,.F.);
#1301=ORIENTED_EDGE('',*,*,#1012,.F.);
#1302=ORIENTED_EDGE('',*,*,#1013,.T.);
#1303=ORIENTED_EDGE('',*,*,#1014,.F.);
#1304=ORIENTED_EDGE('',*,*,#1013,.F.);
#1305=ORIENTED_EDGE('',*,*,#1015,.F.);
#1306=ORIENTED_EDGE('',*,*,#1016,.T.);
#1307=ORIENTED_EDGE('',*,*,#1017,.F.);
#1308=ORIENTED_EDGE('',*,*,#1016,.F.);
#1309=ORIENTED_EDGE('',*,*,#1018,.F.);
#1310=ORIENTED_EDGE('',*,*,#1019,.T.);
#1311=ORIENTED_EDGE('',*,*,#1020,.F.);
#1312=ORIENTED_EDGE('',*,*,#1019,.F.);
#1313=ORIENTED_EDGE('',*,*,#1021,.F.);
#1314=ORIENTED_EDGE('',*,*,#1011,.T.);
#1315=ORIENTED_EDGE('',*,*,#1022,.T.);
#1316=ORIENTED_EDGE('',*,*,#1023,.T.);
#1317=ORIENTED_EDGE('',*,*,#1024,.F.);
#1318=ORIENTED_EDGE('',*,*,#1025,.F.);
#1319=ORIENTED_EDGE('',*,*,#1026,.F.);
#1320=ORIENTED_EDGE('',*,*,#1027,.T.);
#1321=ORIENTED_EDGE('',*,*,#1028,.F.);
#1322=ORIENTED_EDGE('',*,*,#1029,.F.);
#1323=ORIENTED_EDGE('',*,*,#1030,.T.);
#1324=ORIENTED_EDGE('',*,*,#1031,.F.);
#1325=ORIENTED_EDGE('',*,*,#1032,.T.);
#1326=ORIENTED_EDGE('',*,*,#1033,.T.);
#1327=ORIENTED_EDGE('',*,*,#1034,.T.);
#1328=ORIENTED_EDGE('',*,*,#1025,.T.);
#1329=ORIENTED_EDGE('',*,*,#1035,.T.);
#1330=ORIENTED_EDGE('',*,*,#1033,.F.);
#1331=ORIENTED_EDGE('',*,*,#1024,.T.);
#1332=ORIENTED_EDGE('',*,*,#1036,.T.);
#1333=ORIENTED_EDGE('',*,*,#1037,.F.);
#1334=ORIENTED_EDGE('',*,*,#1038,.F.);
#1335=ORIENTED_EDGE('',*,*,#1034,.F.);
#1336=ORIENTED_EDGE('',*,*,#1035,.F.);
#1337=ORIENTED_EDGE('',*,*,#1039,.F.);
#1338=ORIENTED_EDGE('',*,*,#1040,.T.);
#1339=ORIENTED_EDGE('',*,*,#1041,.F.);
#1340=ORIENTED_EDGE('',*,*,#1042,.T.);
#1341=ORIENTED_EDGE('',*,*,#1043,.F.);
#1342=ORIENTED_EDGE('',*,*,#1040,.F.);
#1343=ORIENTED_EDGE('',*,*,#1044,.F.);
#1344=ORIENTED_EDGE('',*,*,#1045,.F.);
#1345=ORIENTED_EDGE('',*,*,#1046,.F.);
#1346=ORIENTED_EDGE('',*,*,#1039,.T.);
#1347=ORIENTED_EDGE('',*,*,#1047,.F.);
#1348=ORIENTED_EDGE('',*,*,#1048,.F.);
#1349=ORIENTED_EDGE('',*,*,#1049,.T.);
#1350=ORIENTED_EDGE('',*,*,#1050,.F.);
#1351=ORIENTED_EDGE('',*,*,#1044,.T.);
#1352=ORIENTED_EDGE('',*,*,#1043,.T.);
#1353=ORIENTED_EDGE('',*,*,#1051,.T.);
#1354=ORIENTED_EDGE('',*,*,#1047,.T.);
#1355=ORIENTED_EDGE('',*,*,#1052,.T.);
#1356=ORIENTED_EDGE('',*,*,#1048,.T.);
#1357=ORIENTED_EDGE('',*,*,#1051,.F.);
#1358=ORIENTED_EDGE('',*,*,#1053,.T.);
#1359=ORIENTED_EDGE('',*,*,#1054,.T.);
#1360=ORIENTED_EDGE('',*,*,#1055,.F.);
#1361=ORIENTED_EDGE('',*,*,#1056,.T.);
#1362=ORIENTED_EDGE('',*,*,#1053,.F.);
#1363=ORIENTED_EDGE('',*,*,#1042,.F.);
#1364=ORIENTED_EDGE('',*,*,#1057,.F.);
#1365=ORIENTED_EDGE('',*,*,#1058,.F.);
#1366=ORIENTED_EDGE('',*,*,#1059,.T.);
#1367=ORIENTED_EDGE('',*,*,#1060,.T.);
#1368=ORIENTED_EDGE('',*,*,#1061,.T.);
#1369=ORIENTED_EDGE('',*,*,#1062,.F.);
#1370=ORIENTED_EDGE('',*,*,#1028,.T.);
#1371=ORIENTED_EDGE('',*,*,#1026,.T.);
#1372=ORIENTED_EDGE('',*,*,#1032,.F.);
#1373=ORIENTED_EDGE('',*,*,#946,.T.);
#1374=ORIENTED_EDGE('',*,*,#943,.T.);
#1375=ORIENTED_EDGE('',*,*,#940,.T.);
#1376=ORIENTED_EDGE('',*,*,#949,.T.);
#1377=ORIENTED_EDGE('',*,*,#958,.T.);
#1378=ORIENTED_EDGE('',*,*,#955,.T.);
#1379=ORIENTED_EDGE('',*,*,#952,.T.);
#1380=ORIENTED_EDGE('',*,*,#961,.T.);
#1381=ORIENTED_EDGE('',*,*,#970,.T.);
#1382=ORIENTED_EDGE('',*,*,#967,.T.);
#1383=ORIENTED_EDGE('',*,*,#964,.T.);
#1384=ORIENTED_EDGE('',*,*,#973,.T.);
#1385=ORIENTED_EDGE('',*,*,#982,.T.);
#1386=ORIENTED_EDGE('',*,*,#979,.T.);
#1387=ORIENTED_EDGE('',*,*,#976,.T.);
#1388=ORIENTED_EDGE('',*,*,#985,.T.);
#1389=ORIENTED_EDGE('',*,*,#994,.T.);
#1390=ORIENTED_EDGE('',*,*,#991,.T.);
#1391=ORIENTED_EDGE('',*,*,#988,.T.);
#1392=ORIENTED_EDGE('',*,*,#997,.T.);
#1393=ORIENTED_EDGE('',*,*,#1006,.T.);
#1394=ORIENTED_EDGE('',*,*,#1003,.T.);
#1395=ORIENTED_EDGE('',*,*,#1000,.T.);
#1396=ORIENTED_EDGE('',*,*,#1009,.T.);
#1397=ORIENTED_EDGE('',*,*,#1018,.T.);
#1398=ORIENTED_EDGE('',*,*,#1015,.T.);
#1399=ORIENTED_EDGE('',*,*,#1012,.T.);
#1400=ORIENTED_EDGE('',*,*,#1021,.T.);
#1401=ORIENTED_EDGE('',*,*,#1063,.T.);
#1402=ORIENTED_EDGE('',*,*,#1064,.T.);
#1403=ORIENTED_EDGE('',*,*,#1065,.T.);
#1404=ORIENTED_EDGE('',*,*,#1066,.F.);
#1405=ORIENTED_EDGE('',*,*,#1067,.F.);
#1406=ORIENTED_EDGE('',*,*,#1057,.T.);
#1407=ORIENTED_EDGE('',*,*,#1068,.T.);
#1408=ORIENTED_EDGE('',*,*,#1069,.F.);
#1409=ORIENTED_EDGE('',*,*,#1070,.F.);
#1410=ORIENTED_EDGE('',*,*,#1071,.T.);
#1411=ORIENTED_EDGE('',*,*,#1072,.T.);
#1412=ORIENTED_EDGE('',*,*,#1073,.T.);
#1413=ORIENTED_EDGE('',*,*,#1074,.T.);
#1414=ORIENTED_EDGE('',*,*,#1075,.T.);
#1415=ORIENTED_EDGE('',*,*,#1076,.T.);
#1416=ORIENTED_EDGE('',*,*,#1077,.T.);
#1417=ORIENTED_EDGE('',*,*,#1073,.F.);
#1418=ORIENTED_EDGE('',*,*,#1078,.T.);
#1419=ORIENTED_EDGE('',*,*,#1079,.T.);
#1420=ORIENTED_EDGE('',*,*,#1080,.T.);
#1421=ORIENTED_EDGE('',*,*,#1081,.T.);
#1422=ORIENTED_EDGE('',*,*,#1082,.T.);
#1423=ORIENTED_EDGE('',*,*,#1083,.T.);
#1424=ORIENTED_EDGE('',*,*,#1084,.T.);
#1425=ORIENTED_EDGE('',*,*,#1085,.T.);
#1426=ORIENTED_EDGE('',*,*,#1086,.T.);
#1427=ORIENTED_EDGE('',*,*,#1069,.T.);
#1428=ORIENTED_EDGE('',*,*,#1087,.T.);
#1429=ORIENTED_EDGE('',*,*,#1088,.T.);
#1430=ORIENTED_EDGE('',*,*,#1089,.F.);
#1431=ORIENTED_EDGE('',*,*,#1058,.T.);
#1432=ORIENTED_EDGE('',*,*,#1067,.T.);
#1433=ORIENTED_EDGE('',*,*,#1090,.T.);
#1434=ORIENTED_EDGE('',*,*,#1091,.T.);
#1435=ORIENTED_EDGE('',*,*,#1029,.T.);
#1436=ORIENTED_EDGE('',*,*,#1062,.T.);
#1437=ORIENTED_EDGE('',*,*,#1092,.T.);
#1438=ORIENTED_EDGE('',*,*,#1093,.T.);
#1439=ORIENTED_EDGE('',*,*,#1094,.T.);
#1440=ORIENTED_EDGE('',*,*,#1068,.F.);
#1441=ORIENTED_EDGE('',*,*,#1077,.F.);
#1442=ORIENTED_EDGE('',*,*,#1095,.F.);
#1443=ORIENTED_EDGE('',*,*,#1087,.F.);
#1444=ORIENTED_EDGE('',*,*,#1096,.T.);
#1445=ORIENTED_EDGE('',*,*,#1055,.T.);
#1446=ORIENTED_EDGE('',*,*,#1097,.T.);
#1447=ORIENTED_EDGE('',*,*,#1098,.T.);
#1448=ORIENTED_EDGE('',*,*,#1099,.T.);
#1449=ORIENTED_EDGE('',*,*,#1100,.F.);
#1450=ORIENTED_EDGE('',*,*,#1101,.T.);
#1451=ORIENTED_EDGE('',*,*,#1090,.F.);
#1452=ORIENTED_EDGE('',*,*,#1102,.T.);
#1453=ORIENTED_EDGE('',*,*,#1103,.T.);
#1454=ORIENTED_EDGE('',*,*,#1104,.T.);
#1455=ORIENTED_EDGE('',*,*,#1105,.T.);
#1456=ORIENTED_EDGE('',*,*,#1106,.T.);
#1457=ORIENTED_EDGE('',*,*,#1103,.F.);
#1458=ORIENTED_EDGE('',*,*,#1107,.T.);
#1459=ORIENTED_EDGE('',*,*,#1099,.F.);
#1460=ORIENTED_EDGE('',*,*,#1106,.F.);
#1461=ORIENTED_EDGE('',*,*,#1108,.T.);
#1462=ORIENTED_EDGE('',*,*,#935,.T.);
#1463=ORIENTED_EDGE('',*,*,#934,.F.);
#1464=ORIENTED_EDGE('',*,*,#1109,.F.);
#1465=ORIENTED_EDGE('',*,*,#1110,.T.);
#1466=ORIENTED_EDGE('',*,*,#1111,.T.);
#1467=ORIENTED_EDGE('',*,*,#1112,.F.);
#1468=ORIENTED_EDGE('',*,*,#1113,.F.);
#1469=ORIENTED_EDGE('',*,*,#1109,.T.);
#1470=ORIENTED_EDGE('',*,*,#933,.F.);
#1471=ORIENTED_EDGE('',*,*,#1113,.T.);
#1472=ORIENTED_EDGE('',*,*,#1114,.F.);
#1473=ORIENTED_EDGE('',*,*,#1115,.F.);
#1474=ORIENTED_EDGE('',*,*,#1110,.F.);
#1475=ORIENTED_EDGE('',*,*,#1116,.T.);
#1476=ORIENTED_EDGE('',*,*,#1100,.T.);
#1477=ORIENTED_EDGE('',*,*,#1111,.F.);
#1478=ORIENTED_EDGE('',*,*,#1115,.T.);
#1479=ORIENTED_EDGE('',*,*,#1117,.F.);
#1480=ORIENTED_EDGE('',*,*,#1118,.F.);
#1481=ORIENTED_EDGE('',*,*,#1022,.F.);
#1482=ORIENTED_EDGE('',*,*,#1027,.F.);
#1483=ORIENTED_EDGE('',*,*,#1023,.F.);
#1484=ORIENTED_EDGE('',*,*,#1118,.T.);
#1485=ORIENTED_EDGE('',*,*,#1119,.F.);
#1486=ORIENTED_EDGE('',*,*,#1036,.F.);
#1487=ORIENTED_EDGE('',*,*,#1097,.F.);
#1488=ORIENTED_EDGE('',*,*,#1054,.F.);
#1489=ORIENTED_EDGE('',*,*,#1031,.T.);
#1490=ORIENTED_EDGE('',*,*,#1038,.T.);
#1491=ORIENTED_EDGE('',*,*,#1120,.F.);
#1492=ORIENTED_EDGE('',*,*,#936,.F.);
#1493=ORIENTED_EDGE('',*,*,#1108,.F.);
#1494=ORIENTED_EDGE('',*,*,#1105,.F.);
#1495=ORIENTED_EDGE('',*,*,#937,.T.);
#1496=ORIENTED_EDGE('',*,*,#1120,.T.);
#1497=ORIENTED_EDGE('',*,*,#1037,.T.);
#1498=ORIENTED_EDGE('',*,*,#1119,.T.);
#1499=ORIENTED_EDGE('',*,*,#1117,.T.);
#1500=ORIENTED_EDGE('',*,*,#1114,.T.);
#1501=ORIENTED_EDGE('',*,*,#1112,.T.);
#1502=ORIENTED_EDGE('',*,*,#932,.F.);
#1503=ORIENTED_EDGE('',*,*,#1116,.F.);
#1504=ORIENTED_EDGE('',*,*,#1030,.F.);
#1505=ORIENTED_EDGE('',*,*,#1091,.F.);
#1506=ORIENTED_EDGE('',*,*,#1101,.F.);
#1507=ORIENTED_EDGE('',*,*,#1072,.F.);
#1508=ORIENTED_EDGE('',*,*,#1121,.T.);
#1509=ORIENTED_EDGE('',*,*,#1122,.T.);
#1510=ORIENTED_EDGE('',*,*,#1123,.T.);
#1511=ORIENTED_EDGE('',*,*,#930,.F.);
#1512=ORIENTED_EDGE('',*,*,#1124,.T.);
#1513=ORIENTED_EDGE('',*,*,#1125,.T.);
#1514=ORIENTED_EDGE('',*,*,#1074,.F.);
#1515=ORIENTED_EDGE('',*,*,#1065,.F.);
#1516=ORIENTED_EDGE('',*,*,#1041,.T.);
#1517=ORIENTED_EDGE('',*,*,#1046,.T.);
#1518=ORIENTED_EDGE('',*,*,#1126,.F.);
#1519=ORIENTED_EDGE('',*,*,#1127,.F.);
#1520=ORIENTED_EDGE('',*,*,#1121,.F.);
#1521=ORIENTED_EDGE('',*,*,#1071,.F.);
#1522=ORIENTED_EDGE('',*,*,#1128,.F.);
#1523=ORIENTED_EDGE('',*,*,#1127,.T.);
#1524=ORIENTED_EDGE('',*,*,#1129,.F.);
#1525=ORIENTED_EDGE('',*,*,#1130,.F.);
#1526=ORIENTED_EDGE('',*,*,#1122,.F.);
#1527=ORIENTED_EDGE('',*,*,#1130,.T.);
#1528=ORIENTED_EDGE('',*,*,#1131,.T.);
#1529=ORIENTED_EDGE('',*,*,#927,.F.);
#1530=ORIENTED_EDGE('',*,*,#1123,.F.);
#1531=ORIENTED_EDGE('',*,*,#929,.T.);
#1532=ORIENTED_EDGE('',*,*,#1132,.F.);
#1533=ORIENTED_EDGE('',*,*,#1133,.F.);
#1534=ORIENTED_EDGE('',*,*,#1124,.F.);
#1535=ORIENTED_EDGE('',*,*,#1133,.T.);
#1536=ORIENTED_EDGE('',*,*,#1134,.F.);
#1537=ORIENTED_EDGE('',*,*,#1049,.F.);
#1538=ORIENTED_EDGE('',*,*,#1052,.F.);
#1539=ORIENTED_EDGE('',*,*,#1056,.F.);
#1540=ORIENTED_EDGE('',*,*,#1096,.F.);
#1541=ORIENTED_EDGE('',*,*,#1075,.F.);
#1542=ORIENTED_EDGE('',*,*,#1125,.F.);
#1543=ORIENTED_EDGE('',*,*,#1050,.T.);
#1544=ORIENTED_EDGE('',*,*,#1134,.T.);
#1545=ORIENTED_EDGE('',*,*,#1132,.T.);
#1546=ORIENTED_EDGE('',*,*,#928,.F.);
#1547=ORIENTED_EDGE('',*,*,#1131,.F.);
#1548=ORIENTED_EDGE('',*,*,#1129,.T.);
#1549=ORIENTED_EDGE('',*,*,#1126,.T.);
#1550=ORIENTED_EDGE('',*,*,#1045,.T.);
#1551=ORIENTED_EDGE('',*,*,#1128,.T.);
#1552=ORIENTED_EDGE('',*,*,#1070,.T.);
#1553=ORIENTED_EDGE('',*,*,#1086,.F.);
#1554=ORIENTED_EDGE('',*,*,#1066,.T.);
#1555=ORIENTED_EDGE('',*,*,#1135,.T.);
#1556=ORIENTED_EDGE('',*,*,#1136,.T.);
#1557=ORIENTED_EDGE('',*,*,#1137,.T.);
#1558=ORIENTED_EDGE('',*,*,#1138,.T.);
#1559=ORIENTED_EDGE('',*,*,#1139,.T.);
#1560=ORIENTED_EDGE('',*,*,#1140,.T.);
#1561=ORIENTED_EDGE('',*,*,#1141,.T.);
#1562=ORIENTED_EDGE('',*,*,#1142,.T.);
#1563=ORIENTED_EDGE('',*,*,#1143,.T.);
#1564=ORIENTED_EDGE('',*,*,#1144,.T.);
#1565=ORIENTED_EDGE('',*,*,#1145,.T.);
#1566=ORIENTED_EDGE('',*,*,#1146,.T.);
#1567=ORIENTED_EDGE('',*,*,#1147,.T.);
#1568=ORIENTED_EDGE('',*,*,#1148,.T.);
#1569=ORIENTED_EDGE('',*,*,#1149,.T.);
#1570=ORIENTED_EDGE('',*,*,#1150,.T.);
#1571=ORIENTED_EDGE('',*,*,#1151,.F.);
#1572=ORIENTED_EDGE('',*,*,#1152,.F.);
#1573=ORIENTED_EDGE('',*,*,#1060,.F.);
#1574=ORIENTED_EDGE('',*,*,#1153,.T.);
#1575=ORIENTED_EDGE('',*,*,#1154,.F.);
#1576=ORIENTED_EDGE('',*,*,#1153,.F.);
#1577=ORIENTED_EDGE('',*,*,#1059,.F.);
#1578=ORIENTED_EDGE('',*,*,#1089,.T.);
#1579=ORIENTED_EDGE('',*,*,#1155,.F.);
#1580=ORIENTED_EDGE('',*,*,#1092,.F.);
#1581=ORIENTED_EDGE('',*,*,#1061,.F.);
#1582=ORIENTED_EDGE('',*,*,#1152,.T.);
#1583=ORIENTED_EDGE('',*,*,#1155,.T.);
#1584=ORIENTED_EDGE('',*,*,#1151,.T.);
#1585=ORIENTED_EDGE('',*,*,#1154,.T.);
#1586=ORIENTED_EDGE('',*,*,#1088,.F.);
#1587=ORIENTED_EDGE('',*,*,#1095,.T.);
#1588=ORIENTED_EDGE('',*,*,#1076,.F.);
#1589=ORIENTED_EDGE('',*,*,#1098,.F.);
#1590=ORIENTED_EDGE('',*,*,#1104,.F.);
#1591=ORIENTED_EDGE('',*,*,#1156,.F.);
#1592=ORIENTED_EDGE('',*,*,#1093,.F.);
#1593=ORIENTED_EDGE('',*,*,#945,.T.);
#1594=ORIENTED_EDGE('',*,*,#948,.T.);
#1595=ORIENTED_EDGE('',*,*,#938,.T.);
#1596=ORIENTED_EDGE('',*,*,#942,.T.);
#1597=ORIENTED_EDGE('',*,*,#957,.T.);
#1598=ORIENTED_EDGE('',*,*,#960,.T.);
#1599=ORIENTED_EDGE('',*,*,#950,.T.);
#1600=ORIENTED_EDGE('',*,*,#954,.T.);
#1601=ORIENTED_EDGE('',*,*,#969,.T.);
#1602=ORIENTED_EDGE('',*,*,#972,.T.);
#1603=ORIENTED_EDGE('',*,*,#962,.T.);
#1604=ORIENTED_EDGE('',*,*,#966,.T.);
#1605=ORIENTED_EDGE('',*,*,#981,.T.);
#1606=ORIENTED_EDGE('',*,*,#984,.T.);
#1607=ORIENTED_EDGE('',*,*,#974,.T.);
#1608=ORIENTED_EDGE('',*,*,#978,.T.);
#1609=ORIENTED_EDGE('',*,*,#993,.T.);
#1610=ORIENTED_EDGE('',*,*,#996,.T.);
#1611=ORIENTED_EDGE('',*,*,#986,.T.);
#1612=ORIENTED_EDGE('',*,*,#990,.T.);
#1613=ORIENTED_EDGE('',*,*,#1005,.T.);
#1614=ORIENTED_EDGE('',*,*,#1008,.T.);
#1615=ORIENTED_EDGE('',*,*,#998,.T.);
#1616=ORIENTED_EDGE('',*,*,#1002,.T.);
#1617=ORIENTED_EDGE('',*,*,#1017,.T.);
#1618=ORIENTED_EDGE('',*,*,#1020,.T.);
#1619=ORIENTED_EDGE('',*,*,#1010,.T.);
#1620=ORIENTED_EDGE('',*,*,#1014,.T.);
#1621=ORIENTED_EDGE('',*,*,#1157,.T.);
#1622=ORIENTED_EDGE('',*,*,#1158,.T.);
#1623=ORIENTED_EDGE('',*,*,#1159,.F.);
#1624=ORIENTED_EDGE('',*,*,#1160,.T.);
#1625=ORIENTED_EDGE('',*,*,#1158,.F.);
#1626=ORIENTED_EDGE('',*,*,#1160,.F.);
#1627=ORIENTED_EDGE('',*,*,#1161,.F.);
#1628=ORIENTED_EDGE('',*,*,#1162,.T.);
#1629=ORIENTED_EDGE('',*,*,#1157,.F.);
#1630=ORIENTED_EDGE('',*,*,#1162,.F.);
#1631=ORIENTED_EDGE('',*,*,#1163,.F.);
#1632=ORIENTED_EDGE('',*,*,#1164,.T.);
#1633=ORIENTED_EDGE('',*,*,#1063,.F.);
#1634=ORIENTED_EDGE('',*,*,#1164,.F.);
#1635=ORIENTED_EDGE('',*,*,#1163,.T.);
#1636=ORIENTED_EDGE('',*,*,#1161,.T.);
#1637=ORIENTED_EDGE('',*,*,#1165,.F.);
#1638=ORIENTED_EDGE('',*,*,#1166,.T.);
#1639=ORIENTED_EDGE('',*,*,#1064,.F.);
#1640=ORIENTED_EDGE('',*,*,#1166,.F.);
#1641=ORIENTED_EDGE('',*,*,#1165,.T.);
#1642=ORIENTED_EDGE('',*,*,#1159,.T.);
#1643=ORIENTED_EDGE('',*,*,#1102,.F.);
#1644=ORIENTED_EDGE('',*,*,#1094,.F.);
#1645=ORIENTED_EDGE('',*,*,#1156,.T.);
#1646=ORIENTED_EDGE('',*,*,#1107,.F.);
#1647=ORIENTED_EDGE('',*,*,#1167,.T.);
#1648=ORIENTED_EDGE('',*,*,#1168,.T.);
#1649=ORIENTED_EDGE('',*,*,#1169,.T.);
#1650=ORIENTED_EDGE('',*,*,#1170,.T.);
#1651=ORIENTED_EDGE('',*,*,#1171,.T.);
#1652=ORIENTED_EDGE('',*,*,#1172,.T.);
#1653=ORIENTED_EDGE('',*,*,#1173,.T.);
#1654=ORIENTED_EDGE('',*,*,#1174,.T.);
#1655=ORIENTED_EDGE('',*,*,#1175,.F.);
#1656=ORIENTED_EDGE('',*,*,#1167,.F.);
#1657=ORIENTED_EDGE('',*,*,#1176,.F.);
#1658=ORIENTED_EDGE('',*,*,#1144,.F.);
#1659=ORIENTED_EDGE('',*,*,#1176,.T.);
#1660=ORIENTED_EDGE('',*,*,#1174,.F.);
#1661=ORIENTED_EDGE('',*,*,#1177,.F.);
#1662=ORIENTED_EDGE('',*,*,#1145,.F.);
#1663=ORIENTED_EDGE('',*,*,#1177,.T.);
#1664=ORIENTED_EDGE('',*,*,#1173,.F.);
#1665=ORIENTED_EDGE('',*,*,#1178,.F.);
#1666=ORIENTED_EDGE('',*,*,#1146,.F.);
#1667=ORIENTED_EDGE('',*,*,#1178,.T.);
#1668=ORIENTED_EDGE('',*,*,#1172,.F.);
#1669=ORIENTED_EDGE('',*,*,#1179,.F.);
#1670=ORIENTED_EDGE('',*,*,#1147,.F.);
#1671=ORIENTED_EDGE('',*,*,#1179,.T.);
#1672=ORIENTED_EDGE('',*,*,#1171,.F.);
#1673=ORIENTED_EDGE('',*,*,#1180,.F.);
#1674=ORIENTED_EDGE('',*,*,#1148,.F.);
#1675=ORIENTED_EDGE('',*,*,#1180,.T.);
#1676=ORIENTED_EDGE('',*,*,#1170,.F.);
#1677=ORIENTED_EDGE('',*,*,#1181,.F.);
#1678=ORIENTED_EDGE('',*,*,#1149,.F.);
#1679=ORIENTED_EDGE('',*,*,#1181,.T.);
#1680=ORIENTED_EDGE('',*,*,#1169,.F.);
#1681=ORIENTED_EDGE('',*,*,#1182,.F.);
#1682=ORIENTED_EDGE('',*,*,#1150,.F.);
#1683=ORIENTED_EDGE('',*,*,#1182,.T.);
#1684=ORIENTED_EDGE('',*,*,#1168,.F.);
#1685=ORIENTED_EDGE('',*,*,#1175,.T.);
#1686=ORIENTED_EDGE('',*,*,#1143,.F.);
#1687=ORIENTED_EDGE('',*,*,#1183,.F.);
#1688=ORIENTED_EDGE('',*,*,#1078,.F.);
#1689=ORIENTED_EDGE('',*,*,#1184,.F.);
#1690=ORIENTED_EDGE('',*,*,#1136,.F.);
#1691=ORIENTED_EDGE('',*,*,#1184,.T.);
#1692=ORIENTED_EDGE('',*,*,#1085,.F.);
#1693=ORIENTED_EDGE('',*,*,#1185,.F.);
#1694=ORIENTED_EDGE('',*,*,#1137,.F.);
#1695=ORIENTED_EDGE('',*,*,#1185,.T.);
#1696=ORIENTED_EDGE('',*,*,#1084,.F.);
#1697=ORIENTED_EDGE('',*,*,#1186,.F.);
#1698=ORIENTED_EDGE('',*,*,#1138,.F.);
#1699=ORIENTED_EDGE('',*,*,#1186,.T.);
#1700=ORIENTED_EDGE('',*,*,#1083,.F.);
#1701=ORIENTED_EDGE('',*,*,#1187,.F.);
#1702=ORIENTED_EDGE('',*,*,#1139,.F.);
#1703=ORIENTED_EDGE('',*,*,#1187,.T.);
#1704=ORIENTED_EDGE('',*,*,#1082,.F.);
#1705=ORIENTED_EDGE('',*,*,#1188,.F.);
#1706=ORIENTED_EDGE('',*,*,#1140,.F.);
#1707=ORIENTED_EDGE('',*,*,#1188,.T.);
#1708=ORIENTED_EDGE('',*,*,#1081,.F.);
#1709=ORIENTED_EDGE('',*,*,#1189,.F.);
#1710=ORIENTED_EDGE('',*,*,#1141,.F.);
#1711=ORIENTED_EDGE('',*,*,#1189,.T.);
#1712=ORIENTED_EDGE('',*,*,#1080,.F.);
#1713=ORIENTED_EDGE('',*,*,#1190,.F.);
#1714=ORIENTED_EDGE('',*,*,#1142,.F.);
#1715=ORIENTED_EDGE('',*,*,#1190,.T.);
#1716=ORIENTED_EDGE('',*,*,#1079,.F.);
#1717=ORIENTED_EDGE('',*,*,#1183,.T.);
#1718=ORIENTED_EDGE('',*,*,#1135,.F.);
#1719=PLANE('',#1897);
#1720=PLANE('',#1898);
#1721=PLANE('',#1899);
#1722=PLANE('',#1900);
#1723=PLANE('',#1901);
#1724=PLANE('',#1902);
#1725=PLANE('',#1903);
#1726=PLANE('',#1904);
#1727=PLANE('',#1905);
#1728=PLANE('',#1906);
#1729=PLANE('',#1907);
#1730=PLANE('',#1908);
#1731=PLANE('',#1909);
#1732=PLANE('',#1910);
#1733=PLANE('',#1911);
#1734=PLANE('',#1912);
#1735=PLANE('',#1913);
#1736=PLANE('',#1914);
#1737=PLANE('',#1915);
#1738=PLANE('',#1916);
#1739=PLANE('',#1917);
#1740=PLANE('',#1918);
#1741=PLANE('',#1919);
#1742=PLANE('',#1920);
#1743=PLANE('',#1921);
#1744=PLANE('',#1922);
#1745=PLANE('',#1923);
#1746=PLANE('',#1924);
#1747=PLANE('',#1925);
#1748=PLANE('',#1926);
#1749=PLANE('',#1927);
#1750=PLANE('',#1939);
#1751=PLANE('',#1943);
#1752=PLANE('',#1944);
#1753=PLANE('',#1950);
#1754=PLANE('',#1962);
#1755=PLANE('',#1971);
#1756=PLANE('',#1977);
#1757=PLANE('',#1978);
#1758=PLANE('',#1979);
#1759=PLANE('',#1980);
#1760=PLANE('',#1981);
#1761=PLANE('',#1982);
#1762=PLANE('',#1983);
#1763=PLANE('',#1984);
#1764=PLANE('',#1985);
#1765=PLANE('',#1986);
#1766=PLANE('',#1987);
#1767=PLANE('',#1988);
#1768=PLANE('',#1989);
#1769=PLANE('',#1990);
#1770=PLANE('',#1991);
#1771=PLANE('',#1992);
#1772=PLANE('',#1993);
#1773=PLANE('',#2002);
#1774=PLANE('',#2003);
#1775=PLANE('',#2004);
#1776=PLANE('',#2005);
#1777=PLANE('',#2014);
#1778=PLANE('',#2017);
#1779=PLANE('',#2019);
#1780=PLANE('',#2024);
#1781=PLANE('',#2026);
#1782=PLANE('',#2028);
#1783=PLANE('',#2030);
#1784=PLANE('',#2032);
#1785=PLANE('',#2034);
#1786=PLANE('',#2036);
#1787=PLANE('',#2038);
#1788=ADVANCED_FACE('',(#116),#1719,.T.);
#1789=ADVANCED_FACE('',(#117),#1720,.T.);
#1790=ADVANCED_FACE('',(#118),#1721,.T.);
#1791=ADVANCED_FACE('',(#119),#1722,.F.);
#1792=ADVANCED_FACE('',(#120),#1723,.F.);
#1793=ADVANCED_FACE('',(#121),#1724,.F.);
#1794=ADVANCED_FACE('',(#122),#1725,.F.);
#1795=ADVANCED_FACE('',(#123),#1726,.F.);
#1796=ADVANCED_FACE('',(#124),#1727,.F.);
#1797=ADVANCED_FACE('',(#125),#1728,.F.);
#1798=ADVANCED_FACE('',(#126),#1729,.F.);
#1799=ADVANCED_FACE('',(#127),#1730,.F.);
#1800=ADVANCED_FACE('',(#128),#1731,.F.);
#1801=ADVANCED_FACE('',(#129),#1732,.F.);
#1802=ADVANCED_FACE('',(#130),#1733,.F.);
#1803=ADVANCED_FACE('',(#131),#1734,.F.);
#1804=ADVANCED_FACE('',(#132),#1735,.F.);
#1805=ADVANCED_FACE('',(#133),#1736,.F.);
#1806=ADVANCED_FACE('',(#134),#1737,.F.);
#1807=ADVANCED_FACE('',(#135),#1738,.F.);
#1808=ADVANCED_FACE('',(#136),#1739,.F.);
#1809=ADVANCED_FACE('',(#137),#1740,.F.);
#1810=ADVANCED_FACE('',(#138),#1741,.F.);
#1811=ADVANCED_FACE('',(#139),#1742,.F.);
#1812=ADVANCED_FACE('',(#140),#1743,.F.);
#1813=ADVANCED_FACE('',(#141),#1744,.F.);
#1814=ADVANCED_FACE('',(#142),#1745,.F.);
#1815=ADVANCED_FACE('',(#143),#1746,.F.);
#1816=ADVANCED_FACE('',(#144),#1747,.F.);
#1817=ADVANCED_FACE('',(#145),#1748,.F.);
#1818=ADVANCED_FACE('',(#146),#1749,.F.);
#1819=ADVANCED_FACE('',(#147),#92,.F.);
#1820=ADVANCED_FACE('',(#148),#93,.T.);
#1821=ADVANCED_FACE('',(#149),#94,.F.);
#1822=ADVANCED_FACE('',(#150),#38,.F.);
#1823=ADVANCED_FACE('',(#151),#1750,.T.);
#1824=ADVANCED_FACE('',(#152),#95,.F.);
#1825=ADVANCED_FACE('',(#153),#1751,.T.);
#1826=ADVANCED_FACE('',(#154),#1752,.T.);
#1827=ADVANCED_FACE('',(#155),#39,.F.);
#1828=ADVANCED_FACE('',(#156),#96,.F.);
#1829=ADVANCED_FACE('',(#157,#15,#16,#17,#18,#19,#20,#21,#22,#23),#1753,
 .T.);
#1830=ADVANCED_FACE('',(#158),#97,.T.);
#1831=ADVANCED_FACE('',(#159),#98,.F.);
#1832=ADVANCED_FACE('',(#160),#99,.F.);
#1833=ADVANCED_FACE('',(#161,#24,#25),#1754,.T.);
#1834=ADVANCED_FACE('',(#162),#100,.T.);
#1835=ADVANCED_FACE('',(#163),#1755,.T.);
#1836=ADVANCED_FACE('',(#164),#101,.F.);
#1837=ADVANCED_FACE('',(#165),#102,.F.);
#1838=ADVANCED_FACE('',(#166),#1756,.T.);
#1839=ADVANCED_FACE('',(#167),#1757,.T.);
#1840=ADVANCED_FACE('',(#168),#1758,.T.);
#1841=ADVANCED_FACE('',(#169),#1759,.T.);
#1842=ADVANCED_FACE('',(#170),#1760,.T.);
#1843=ADVANCED_FACE('',(#171),#1761,.T.);
#1844=ADVANCED_FACE('',(#172),#1762,.T.);
#1845=ADVANCED_FACE('',(#173),#1763,.T.);
#1846=ADVANCED_FACE('',(#174),#1764,.T.);
#1847=ADVANCED_FACE('',(#175),#1765,.T.);
#1848=ADVANCED_FACE('',(#176),#1766,.T.);
#1849=ADVANCED_FACE('',(#177),#1767,.T.);
#1850=ADVANCED_FACE('',(#178),#1768,.T.);
#1851=ADVANCED_FACE('',(#179),#1769,.T.);
#1852=ADVANCED_FACE('',(#180),#1770,.T.);
#1853=ADVANCED_FACE('',(#181),#1771,.T.);
#1854=ADVANCED_FACE('',(#182,#26),#1772,.F.);
#1855=ADVANCED_FACE('',(#183),#1773,.F.);
#1856=ADVANCED_FACE('',(#184),#1774,.F.);
#1857=ADVANCED_FACE('',(#185),#1775,.F.);
#1858=ADVANCED_FACE('',(#186,#27,#28,#29,#30,#31,#32,#33,#34,#35),#1776,
 .T.);
#1859=ADVANCED_FACE('',(#187),#103,.F.);
#1860=ADVANCED_FACE('',(#188),#104,.F.);
#1861=ADVANCED_FACE('',(#189),#105,.T.);
#1862=ADVANCED_FACE('',(#190,#36),#1777,.T.);
#1863=ADVANCED_FACE('',(#191),#106,.T.);
#1864=ADVANCED_FACE('',(#192,#37),#1778,.T.);
#1865=ADVANCED_FACE('',(#193),#107,.T.);
#1866=ADVANCED_FACE('',(#194),#1779,.F.);
#1867=ADVANCED_FACE('',(#195),#1780,.T.);
#1868=ADVANCED_FACE('',(#196),#108,.F.);
#1869=ADVANCED_FACE('',(#197),#1781,.T.);
#1870=ADVANCED_FACE('',(#198),#109,.F.);
#1871=ADVANCED_FACE('',(#199),#1782,.T.);
#1872=ADVANCED_FACE('',(#200),#110,.F.);
#1873=ADVANCED_FACE('',(#201),#1783,.T.);
#1874=ADVANCED_FACE('',(#202),#111,.F.);
#1875=ADVANCED_FACE('',(#203),#1784,.T.);
#1876=ADVANCED_FACE('',(#204),#112,.T.);
#1877=ADVANCED_FACE('',(#205),#1785,.T.);
#1878=ADVANCED_FACE('',(#206),#113,.T.);
#1879=ADVANCED_FACE('',(#207),#1786,.T.);
#1880=ADVANCED_FACE('',(#208),#114,.T.);
#1881=ADVANCED_FACE('',(#209),#1787,.T.);
#1882=ADVANCED_FACE('',(#210),#115,.T.);
#1883=CLOSED_SHELL('',(#1788,#1789,#1790,#1791,#1792,#1793,#1794,#1795,
#1796,#1797,#1798,#1799,#1800,#1801,#1802,#1803,#1804,#1805,#1806,#1807,
#1808,#1809,#1810,#1811,#1812,#1813,#1814,#1815,#1816,#1817,#1818,#1819,
#1820,#1821,#1822,#1823,#1824,#1825,#1826,#1827,#1828,#1829,#1830,#1831,
#1832,#1833,#1834,#1835,#1836,#1837,#1838,#1839,#1840,#1841,#1842,#1843,
#1844,#1845,#1846,#1847,#1848,#1849,#1850,#1851,#1852,#1853,#1854,#1855,
#1856,#1857,#1858,#1859,#1860,#1861,#1862,#1863,#1864,#1865,#1866,#1867,
#1868,#1869,#1870,#1871,#1872,#1873,#1874,#1875,#1876,#1877,#1878,#1879,
#1880,#1881,#1882));
#1884=DERIVED_UNIT_ELEMENT(#1886,1.);
#1885=DERIVED_UNIT_ELEMENT(#3141,-3.);
#1886=(
MASS_UNIT()
NAMED_UNIT(*)
SI_UNIT(.KILO.,.GRAM.)
);
#1887=DERIVED_UNIT((#1884,#1885));
#1888=MEASURE_REPRESENTATION_ITEM('density measure',
POSITIVE_RATIO_MEASURE(7850.),#1887);
#1889=PROPERTY_DEFINITION_REPRESENTATION(#1894,#1891);
#1890=PROPERTY_DEFINITION_REPRESENTATION(#1895,#1892);
#1891=REPRESENTATION('material name',(#1893),#3138);
#1892=REPRESENTATION('density',(#1888),#3138);
#1893=DESCRIPTIVE_REPRESENTATION_ITEM('Steel','Steel');
#1894=PROPERTY_DEFINITION('material property','material name',#3148);
#1895=PROPERTY_DEFINITION('material property','density of part',#3148);
#1896=AXIS2_PLACEMENT_3D('',#2540,#2040,#2041);
#1897=AXIS2_PLACEMENT_3D('',#2541,#2042,#2043);
#1898=AXIS2_PLACEMENT_3D('',#2550,#2048,#2049);
#1899=AXIS2_PLACEMENT_3D('',#2559,#2054,#2055);
#1900=AXIS2_PLACEMENT_3D('',#2565,#2059,#2060);
#1901=AXIS2_PLACEMENT_3D('',#2574,#2065,#2066);
#1902=AXIS2_PLACEMENT_3D('',#2580,#2070,#2071);
#1903=AXIS2_PLACEMENT_3D('',#2586,#2075,#2076);
#1904=AXIS2_PLACEMENT_3D('',#2589,#2079,#2080);
#1905=AXIS2_PLACEMENT_3D('',#2598,#2085,#2086);
#1906=AXIS2_PLACEMENT_3D('',#2604,#2090,#2091);
#1907=AXIS2_PLACEMENT_3D('',#2610,#2095,#2096);
#1908=AXIS2_PLACEMENT_3D('',#2613,#2099,#2100);
#1909=AXIS2_PLACEMENT_3D('',#2622,#2105,#2106);
#1910=AXIS2_PLACEMENT_3D('',#2628,#2110,#2111);
#1911=AXIS2_PLACEMENT_3D('',#2634,#2115,#2116);
#1912=AXIS2_PLACEMENT_3D('',#2637,#2119,#2120);
#1913=AXIS2_PLACEMENT_3D('',#2646,#2125,#2126);
#1914=AXIS2_PLACEMENT_3D('',#2652,#2130,#2131);
#1915=AXIS2_PLACEMENT_3D('',#2658,#2135,#2136);
#1916=AXIS2_PLACEMENT_3D('',#2661,#2139,#2140);
#1917=AXIS2_PLACEMENT_3D('',#2670,#2145,#2146);
#1918=AXIS2_PLACEMENT_3D('',#2676,#2150,#2151);
#1919=AXIS2_PLACEMENT_3D('',#2682,#2155,#2156);
#1920=AXIS2_PLACEMENT_3D('',#2685,#2159,#2160);
#1921=AXIS2_PLACEMENT_3D('',#2694,#2165,#2166);
#1922=AXIS2_PLACEMENT_3D('',#2700,#2170,#2171);
#1923=AXIS2_PLACEMENT_3D('',#2706,#2175,#2176);
#1924=AXIS2_PLACEMENT_3D('',#2709,#2179,#2180);
#1925=AXIS2_PLACEMENT_3D('',#2718,#2185,#2186);
#1926=AXIS2_PLACEMENT_3D('',#2724,#2190,#2191);
#1927=AXIS2_PLACEMENT_3D('',#2730,#2195,#2196);
#1928=AXIS2_PLACEMENT_3D('',#2733,#2199,#2200);
#1929=AXIS2_PLACEMENT_3D('',#2736,#2201,#2202);
#1930=AXIS2_PLACEMENT_3D('',#2740,#2204,#2205);
#1931=AXIS2_PLACEMENT_3D('',#2771,#2207,#2208);
#1932=AXIS2_PLACEMENT_3D('',#2773,#2209,#2210);
#1933=AXIS2_PLACEMENT_3D('',#2777,#2212,#2213);
#1934=AXIS2_PLACEMENT_3D('',#2779,#2215,#2216);
#1935=AXIS2_PLACEMENT_3D('',#2782,#2217,#2218);
#1936=AXIS2_PLACEMENT_3D('',#2785,#2220,#2221);
#1937=AXIS2_PLACEMENT_3D('',#2787,#2223,#2224);
#1938=AXIS2_PLACEMENT_3D('',#2788,#2225,#2226);
#1939=AXIS2_PLACEMENT_3D('',#2789,#2227,#2228);
#1940=AXIS2_PLACEMENT_3D('',#2795,#2232,#2233);
#1941=AXIS2_PLACEMENT_3D('',#2798,#2234,#2235);
#1942=AXIS2_PLACEMENT_3D('',#2802,#2237,#2238);
#1943=AXIS2_PLACEMENT_3D('',#2823,#2240,#2241);
#1944=AXIS2_PLACEMENT_3D('',#2829,#2245,#2246);
#1945=AXIS2_PLACEMENT_3D('',#2831,#2247,#2248);
#1946=AXIS2_PLACEMENT_3D('',#2837,#2252,#2253);
#1947=AXIS2_PLACEMENT_3D('',#2838,#2254,#2255);
#1948=AXIS2_PLACEMENT_3D('',#2839,#2256,#2257);
#1949=AXIS2_PLACEMENT_3D('',#2841,#2258,#2259);
#1950=AXIS2_PLACEMENT_3D('',#2843,#2261,#2262);
#1951=AXIS2_PLACEMENT_3D('',#2861,#2272,#2273);
#1952=AXIS2_PLACEMENT_3D('',#2863,#2274,#2275);
#1953=AXIS2_PLACEMENT_3D('',#2864,#2276,#2277);
#1954=AXIS2_PLACEMENT_3D('',#2866,#2278,#2279);
#1955=AXIS2_PLACEMENT_3D('',#2869,#2281,#2282);
#1956=AXIS2_PLACEMENT_3D('',#2870,#2283,#2284);
#1957=AXIS2_PLACEMENT_3D('',#2875,#2286,#2287);
#1958=AXIS2_PLACEMENT_3D('',#2879,#2289,#2290);
#1959=AXIS2_PLACEMENT_3D('',#2882,#2292,#2293);
#1960=AXIS2_PLACEMENT_3D('',#2883,#2294,#2295);
#1961=AXIS2_PLACEMENT_3D('',#2887,#2297,#2298);
#1962=AXIS2_PLACEMENT_3D('',#2900,#2300,#2301);
#1963=AXIS2_PLACEMENT_3D('',#2905,#2303,#2304);
#1964=AXIS2_PLACEMENT_3D('',#2909,#2306,#2307);
#1965=AXIS2_PLACEMENT_3D('',#2913,#2309,#2310);
#1966=AXIS2_PLACEMENT_3D('',#2916,#2312,#2313);
#1967=AXIS2_PLACEMENT_3D('',#2919,#2315,#2316);
#1968=AXIS2_PLACEMENT_3D('',#2925,#2319,#2320);
#1969=AXIS2_PLACEMENT_3D('',#2931,#2324,#2325);
#1970=AXIS2_PLACEMENT_3D('',#2932,#2326,#2327);
#1971=AXIS2_PLACEMENT_3D('',#2934,#2329,#2330);
#1972=AXIS2_PLACEMENT_3D('',#2939,#2334,#2335);
#1973=AXIS2_PLACEMENT_3D('',#2944,#2337,#2338);
#1974=AXIS2_PLACEMENT_3D('',#2948,#2341,#2342);
#1975=AXIS2_PLACEMENT_3D('',#2949,#2343,#2344);
#1976=AXIS2_PLACEMENT_3D('',#2953,#2346,#2347);
#1977=AXIS2_PLACEMENT_3D('',#2965,#2349,#2350);
#1978=AXIS2_PLACEMENT_3D('',#2972,#2355,#2356);
#1979=AXIS2_PLACEMENT_3D('',#2976,#2359,#2360);
#1980=AXIS2_PLACEMENT_3D('',#2980,#2363,#2364);
#1981=AXIS2_PLACEMENT_3D('',#2985,#2368,#2369);
#1982=AXIS2_PLACEMENT_3D('',#2987,#2371,#2372);
#1983=AXIS2_PLACEMENT_3D('',#2989,#2374,#2375);
#1984=AXIS2_PLACEMENT_3D('',#2990,#2376,#2377);
#1985=AXIS2_PLACEMENT_3D('',#2991,#2378,#2379);
#1986=AXIS2_PLACEMENT_3D('',#3000,#2385,#2386);
#1987=AXIS2_PLACEMENT_3D('',#3005,#2390,#2391);
#1988=AXIS2_PLACEMENT_3D('',#3009,#2394,#2395);
#1989=AXIS2_PLACEMENT_3D('',#3011,#2397,#2398);
#1990=AXIS2_PLACEMENT_3D('',#3015,#2401,#2402);
#1991=AXIS2_PLACEMENT_3D('',#3017,#2404,#2405);
#1992=AXIS2_PLACEMENT_3D('',#3018,#2406,#2407);
#1993=AXIS2_PLACEMENT_3D('',#3019,#2408,#2409);
#1994=AXIS2_PLACEMENT_3D('',#3022,#2410,#2411);
#1995=AXIS2_PLACEMENT_3D('',#3026,#2413,#2414);
#1996=AXIS2_PLACEMENT_3D('',#3030,#2416,#2417);
#1997=AXIS2_PLACEMENT_3D('',#3034,#2419,#2420);
#1998=AXIS2_PLACEMENT_3D('',#3038,#2422,#2423);
#1999=AXIS2_PLACEMENT_3D('',#3042,#2425,#2426);
#2000=AXIS2_PLACEMENT_3D('',#3046,#2428,#2429);
#2001=AXIS2_PLACEMENT_3D('',#3050,#2431,#2432);
#2002=AXIS2_PLACEMENT_3D('',#3052,#2434,#2435);
#2003=AXIS2_PLACEMENT_3D('',#3058,#2439,#2440);
#2004=AXIS2_PLACEMENT_3D('',#3060,#2442,#2443);
#2005=AXIS2_PLACEMENT_3D('',#3062,#2445,#2446);
#2006=AXIS2_PLACEMENT_3D('',#3065,#2448,#2449);
#2007=AXIS2_PLACEMENT_3D('',#3067,#2450,#2451);
#2008=AXIS2_PLACEMENT_3D('',#3068,#2452,#2453);
#2009=AXIS2_PLACEMENT_3D('',#3070,#2454,#2455);
#2010=AXIS2_PLACEMENT_3D('',#3072,#2457,#2458);
#2011=AXIS2_PLACEMENT_3D('',#3074,#2459,#2460);
#2012=AXIS2_PLACEMENT_3D('',#3076,#2462,#2463);
#2013=AXIS2_PLACEMENT_3D('',#3078,#2464,#2465);
#2014=AXIS2_PLACEMENT_3D('',#3080,#2467,#2468);
#2015=AXIS2_PLACEMENT_3D('',#3081,#2469,#2470);
#2016=AXIS2_PLACEMENT_3D('',#3083,#2471,#2472);
#2017=AXIS2_PLACEMENT_3D('',#3085,#2474,#2475);
#2018=AXIS2_PLACEMENT_3D('',#3086,#2476,#2477);
#2019=AXIS2_PLACEMENT_3D('',#3087,#2478,#2479);
#2020=AXIS2_PLACEMENT_3D('',#3092,#2481,#2482);
#2021=AXIS2_PLACEMENT_3D('',#3096,#2484,#2485);
#2022=AXIS2_PLACEMENT_3D('',#3100,#2487,#2488);
#2023=AXIS2_PLACEMENT_3D('',#3103,#2490,#2491);
#2024=AXIS2_PLACEMENT_3D('',#3104,#2492,#2493);
#2025=AXIS2_PLACEMENT_3D('',#3107,#2496,#2497);
#2026=AXIS2_PLACEMENT_3D('',#3109,#2499,#2500);
#2027=AXIS2_PLACEMENT_3D('',#3111,#2502,#2503);
#2028=AXIS2_PLACEMENT_3D('',#3113,#2505,#2506);
#2029=AXIS2_PLACEMENT_3D('',#3115,#2508,#2509);
#2030=AXIS2_PLACEMENT_3D('',#3117,#2511,#2512);
#2031=AXIS2_PLACEMENT_3D('',#3119,#2514,#2515);
#2032=AXIS2_PLACEMENT_3D('',#3120,#2516,#2517);
#2033=AXIS2_PLACEMENT_3D('',#3123,#2520,#2521);
#2034=AXIS2_PLACEMENT_3D('',#3125,#2523,#2524);
#2035=AXIS2_PLACEMENT_3D('',#3127,#2526,#2527);
#2036=AXIS2_PLACEMENT_3D('',#3129,#2529,#2530);
#2037=AXIS2_PLACEMENT_3D('',#3131,#2532,#2533);
#2038=AXIS2_PLACEMENT_3D('',#3133,#2535,#2536);
#2039=AXIS2_PLACEMENT_3D('',#3135,#2538,#2539);
#2040=DIRECTION('axis',(0.,0.,1.));
#2041=DIRECTION('refdir',(1.,0.,0.));
#2042=DIRECTION('center_axis',(1.,0.,0.));
#2043=DIRECTION('ref_axis',(0.,0.,-1.));
#2044=DIRECTION('',(0.,-1.,0.));
#2045=DIRECTION('',(2.8285936933125E-15,0.,-1.));
#2046=DIRECTION('',(0.,-1.,0.));
#2047=DIRECTION('',(-2.8285936933125E-15,0.,1.));
#2048=DIRECTION('center_axis',(-1.,0.,0.));
#2049=DIRECTION('ref_axis',(0.,0.,1.));
#2050=DIRECTION('',(0.,1.,0.));
#2051=DIRECTION('',(2.8285936933125E-15,0.,1.));
#2052=DIRECTION('',(0.,1.,0.));
#2053=DIRECTION('',(-2.8285936933125E-15,0.,-1.));
#2054=DIRECTION('center_axis',(0.,0.,1.));
#2055=DIRECTION('ref_axis',(-1.,0.,0.));
#2056=DIRECTION('',(1.,0.,0.));
#2057=DIRECTION('',(0.,-1.,0.));
#2058=DIRECTION('',(-1.,0.,0.));
#2059=DIRECTION('center_axis',(0.,0.,1.));
#2060=DIRECTION('ref_axis',(1.,0.,0.));
#2061=DIRECTION('',(-1.,0.,0.));
#2062=DIRECTION('',(0.,1.,0.));
#2063=DIRECTION('',(1.,0.,0.));
#2064=DIRECTION('',(0.,1.,0.));
#2065=DIRECTION('center_axis',(-1.,0.,3.70074341541719E-16));
#2066=DIRECTION('ref_axis',(3.70074341541719E-16,0.,1.));
#2067=DIRECTION('',(-3.70074341541719E-16,0.,-1.));
#2068=DIRECTION('',(3.70074341541719E-16,0.,1.));
#2069=DIRECTION('',(0.,1.,0.));
#2070=DIRECTION('center_axis',(0.,0.,-1.));
#2071=DIRECTION('ref_axis',(-1.,0.,0.));
#2072=DIRECTION('',(1.,0.,0.));
#2073=DIRECTION('',(-1.,0.,0.));
#2074=DIRECTION('',(0.,1.,0.));
#2075=DIRECTION('center_axis',(1.,0.,3.70074341541719E-16));
#2076=DIRECTION('ref_axis',(3.70074341541719E-16,0.,-1.));
#2077=DIRECTION('',(-3.70074341541719E-16,0.,1.));
#2078=DIRECTION('',(3.70074341541719E-16,0.,-1.));
#2079=DIRECTION('center_axis',(0.,0.,1.));
#2080=DIRECTION('ref_axis',(1.,0.,0.));
#2081=DIRECTION('',(-1.,0.,0.));
#2082=DIRECTION('',(0.,1.,0.));
#2083=DIRECTION('',(1.,0.,0.));
#2084=DIRECTION('',(0.,1.,0.));
#2085=DIRECTION('center_axis',(-1.,0.,3.70074341541719E-16));
#2086=DIRECTION('ref_axis',(3.70074341541719E-16,0.,1.));
#2087=DIRECTION('',(-3.70074341541719E-16,0.,-1.));
#2088=DIRECTION('',(3.70074341541719E-16,0.,1.));
#2089=DIRECTION('',(0.,1.,0.));
#2090=DIRECTION('center_axis',(0.,0.,-1.));
#2091=DIRECTION('ref_axis',(-1.,0.,0.));
#2092=DIRECTION('',(1.,0.,0.));
#2093=DIRECTION('',(-1.,0.,0.));
#2094=DIRECTION('',(0.,1.,0.));
#2095=DIRECTION('center_axis',(1.,0.,3.70074341541719E-16));
#2096=DIRECTION('ref_axis',(3.70074341541719E-16,0.,-1.));
#2097=DIRECTION('',(-3.70074341541719E-16,0.,1.));
#2098=DIRECTION('',(3.70074341541719E-16,0.,-1.));
#2099=DIRECTION('center_axis',(0.,0.,1.));
#2100=DIRECTION('ref_axis',(1.,0.,0.));
#2101=DIRECTION('',(-1.,0.,0.));
#2102=DIRECTION('',(0.,1.,0.));
#2103=DIRECTION('',(1.,0.,0.));
#2104=DIRECTION('',(0.,1.,0.));
#2105=DIRECTION('center_axis',(-1.,0.,3.70074341541719E-16));
#2106=DIRECTION('ref_axis',(3.70074341541719E-16,0.,1.));
#2107=DIRECTION('',(-3.70074341541719E-16,0.,-1.));
#2108=DIRECTION('',(3.70074341541719E-16,0.,1.));
#2109=DIRECTION('',(0.,1.,0.));
#2110=DIRECTION('center_axis',(0.,0.,-1.));
#2111=DIRECTION('ref_axis',(-1.,0.,0.));
#2112=DIRECTION('',(1.,0.,0.));
#2113=DIRECTION('',(-1.,0.,0.));
#2114=DIRECTION('',(0.,1.,0.));
#2115=DIRECTION('center_axis',(1.,0.,3.70074341541719E-16));
#2116=DIRECTION('ref_axis',(3.70074341541719E-16,0.,-1.));
#2117=DIRECTION('',(-3.70074341541719E-16,0.,1.));
#2118=DIRECTION('',(3.70074341541719E-16,0.,-1.));
#2119=DIRECTION('center_axis',(0.,0.,1.));
#2120=DIRECTION('ref_axis',(1.,0.,0.));
#2121=DIRECTION('',(-1.,0.,0.));
#2122=DIRECTION('',(0.,1.,0.));
#2123=DIRECTION('',(1.,0.,0.));
#2124=DIRECTION('',(0.,1.,0.));
#2125=DIRECTION('center_axis',(-1.,0.,3.70074341541719E-16));
#2126=DIRECTION('ref_axis',(3.70074341541719E-16,0.,1.));
#2127=DIRECTION('',(-3.70074341541719E-16,0.,-1.));
#2128=DIRECTION('',(3.70074341541719E-16,0.,1.));
#2129=DIRECTION('',(0.,1.,0.));
#2130=DIRECTION('center_axis',(0.,0.,-1.));
#2131=DIRECTION('ref_axis',(-1.,0.,0.));
#2132=DIRECTION('',(1.,0.,0.));
#2133=DIRECTION('',(-1.,0.,0.));
#2134=DIRECTION('',(0.,1.,0.));
#2135=DIRECTION('center_axis',(1.,0.,3.70074341541719E-16));
#2136=DIRECTION('ref_axis',(3.70074341541719E-16,0.,-1.));
#2137=DIRECTION('',(-3.70074341541719E-16,0.,1.));
#2138=DIRECTION('',(3.70074341541719E-16,0.,-1.));
#2139=DIRECTION('center_axis',(0.,0.,1.));
#2140=DIRECTION('ref_axis',(1.,0.,0.));
#2141=DIRECTION('',(-1.,0.,0.));
#2142=DIRECTION('',(0.,1.,0.));
#2143=DIRECTION('',(1.,0.,0.));
#2144=DIRECTION('',(0.,1.,0.));
#2145=DIRECTION('center_axis',(-1.,0.,3.70074341541719E-16));
#2146=DIRECTION('ref_axis',(3.70074341541719E-16,0.,1.));
#2147=DIRECTION('',(-3.70074341541719E-16,0.,-1.));
#2148=DIRECTION('',(3.70074341541719E-16,0.,1.));
#2149=DIRECTION('',(0.,1.,0.));
#2150=DIRECTION('center_axis',(0.,0.,-1.));
#2151=DIRECTION('ref_axis',(-1.,0.,0.));
#2152=DIRECTION('',(1.,0.,0.));
#2153=DIRECTION('',(-1.,0.,0.));
#2154=DIRECTION('',(0.,1.,0.));
#2155=DIRECTION('center_axis',(1.,0.,3.70074341541719E-16));
#2156=DIRECTION('ref_axis',(3.70074341541719E-16,0.,-1.));
#2157=DIRECTION('',(-3.70074341541719E-16,0.,1.));
#2158=DIRECTION('',(3.70074341541719E-16,0.,-1.));
#2159=DIRECTION('center_axis',(0.,0.,1.));
#2160=DIRECTION('ref_axis',(1.,0.,0.));
#2161=DIRECTION('',(-1.,0.,0.));
#2162=DIRECTION('',(0.,1.,0.));
#2163=DIRECTION('',(1.,0.,0.));
#2164=DIRECTION('',(0.,1.,0.));
#2165=DIRECTION('center_axis',(-1.,0.,3.70074341541719E-16));
#2166=DIRECTION('ref_axis',(3.70074341541719E-16,0.,1.));
#2167=DIRECTION('',(-3.70074341541719E-16,0.,-1.));
#2168=DIRECTION('',(3.70074341541719E-16,0.,1.));
#2169=DIRECTION('',(0.,1.,0.));
#2170=DIRECTION('center_axis',(0.,0.,-1.));
#2171=DIRECTION('ref_axis',(-1.,0.,0.));
#2172=DIRECTION('',(1.,0.,0.));
#2173=DIRECTION('',(-1.,0.,0.));
#2174=DIRECTION('',(0.,1.,0.));
#2175=DIRECTION('center_axis',(1.,0.,3.70074341541719E-16));
#2176=DIRECTION('ref_axis',(3.70074341541719E-16,0.,-1.));
#2177=DIRECTION('',(-3.70074341541719E-16,0.,1.));
#2178=DIRECTION('',(3.70074341541719E-16,0.,-1.));
#2179=DIRECTION('center_axis',(0.,0.,1.));
#2180=DIRECTION('ref_axis',(1.,0.,0.));
#2181=DIRECTION('',(-1.,0.,0.));
#2182=DIRECTION('',(0.,1.,0.));
#2183=DIRECTION('',(1.,0.,0.));
#2184=DIRECTION('',(0.,1.,0.));
#2185=DIRECTION('center_axis',(-1.,0.,3.70074341541719E-16));
#2186=DIRECTION('ref_axis',(3.70074341541719E-16,0.,1.));
#2187=DIRECTION('',(-3.70074341541719E-16,0.,-1.));
#2188=DIRECTION('',(3.70074341541719E-16,0.,1.));
#2189=DIRECTION('',(0.,1.,0.));
#2190=DIRECTION('center_axis',(0.,0.,-1.));
#2191=DIRECTION('ref_axis',(-1.,0.,0.));
#2192=DIRECTION('',(1.,0.,0.));
#2193=DIRECTION('',(-1.,0.,0.));
#2194=DIRECTION('',(0.,1.,0.));
#2195=DIRECTION('center_axis',(1.,0.,3.70074341541719E-16));
#2196=DIRECTION('ref_axis',(3.70074341541719E-16,0.,-1.));
#2197=DIRECTION('',(-3.70074341541719E-16,0.,1.));
#2198=DIRECTION('',(3.70074341541719E-16,0.,-1.));
#2199=DIRECTION('center_axis',(0.,0.,-1.));
#2200=DIRECTION('ref_axis',(0.00332519726041536,0.999994471516308,0.));
#2201=DIRECTION('center_axis',(0.835870191690865,0.,-0.548927156044112));
#2202=DIRECTION('ref_axis',(0.548927156044112,4.04700650281134E-17,0.835870191690865));
#2203=DIRECTION('',(0.,0.,1.));
#2204=DIRECTION('center_axis',(0.,0.,-1.));
#2205=DIRECTION('ref_axis',(0.00332519726041536,0.999994471516308,0.));
#2206=DIRECTION('',(0.,0.,1.));
#2207=DIRECTION('center_axis',(0.,0.,1.));
#2208=DIRECTION('ref_axis',(0.,-1.,0.));
#2209=DIRECTION('center_axis',(0.835870191690865,0.,-0.548927156044112));
#2210=DIRECTION('ref_axis',(0.548927156044111,0.,0.835870191690865));
#2211=DIRECTION('',(0.,0.,1.));
#2212=DIRECTION('center_axis',(0.,0.,-1.));
#2213=DIRECTION('ref_axis',(0.,-1.,0.));
#2214=DIRECTION('',(0.,0.,1.));
#2215=DIRECTION('center_axis',(1.,0.,0.));
#2216=DIRECTION('ref_axis',(0.,0.707106781186549,0.707106781186546));
#2217=DIRECTION('center_axis',(-1.,0.,0.));
#2218=DIRECTION('ref_axis',(0.,0.707106781186549,0.707106781186546));
#2219=DIRECTION('',(1.,0.,0.));
#2220=DIRECTION('center_axis',(1.,0.,0.));
#2221=DIRECTION('ref_axis',(0.,1.,0.));
#2222=DIRECTION('',(-1.,0.,0.));
#2223=DIRECTION('center_axis',(0.,0.,1.));
#2224=DIRECTION('ref_axis',(1.,0.,0.));
#2225=DIRECTION('center_axis',(0.,0.,-1.));
#2226=DIRECTION('ref_axis',(0.677686457567872,-0.735350980980585,0.));
#2227=DIRECTION('center_axis',(0.,0.,-1.));
#2228=DIRECTION('ref_axis',(1.,0.,0.));
#2229=DIRECTION('',(0.,-1.,0.));
#2230=DIRECTION('',(1.,0.,0.));
#2231=DIRECTION('',(0.,-1.,0.));
#2232=DIRECTION('center_axis',(0.,0.,1.));
#2233=DIRECTION('ref_axis',(-0.00332519726041536,0.999994471516308,0.));
#2234=DIRECTION('center_axis',(0.,0.,-1.));
#2235=DIRECTION('ref_axis',(-0.00332519726041536,0.999994471516308,0.));
#2236=DIRECTION('',(0.,0.,-1.));
#2237=DIRECTION('center_axis',(-0.835870191690865,0.,-0.548927156044112));
#2238=DIRECTION('ref_axis',(-0.548927156044112,4.04700650281134E-17,0.835870191690865));
#2239=DIRECTION('',(0.,0.,1.));
#2240=DIRECTION('center_axis',(1.,0.,0.));
#2241=DIRECTION('ref_axis',(0.,0.,1.));
#2242=DIRECTION('',(0.,1.,0.));
#2243=DIRECTION('',(0.,0.,1.));
#2244=DIRECTION('',(0.,-1.,0.));
#2245=DIRECTION('center_axis',(0.,0.,-1.));
#2246=DIRECTION('ref_axis',(1.,0.,0.));
#2247=DIRECTION('center_axis',(0.,0.,-1.));
#2248=DIRECTION('ref_axis',(-0.677686457567873,-0.735350980980584,0.));
#2249=DIRECTION('',(-1.,0.,0.));
#2250=DIRECTION('',(0.,-1.,0.));
#2251=DIRECTION('',(1.,0.,0.));
#2252=DIRECTION('center_axis',(0.,0.,1.));
#2253=DIRECTION('ref_axis',(1.,0.,0.));
#2254=DIRECTION('center_axis',(1.,0.,0.));
#2255=DIRECTION('ref_axis',(0.,1.,0.));
#2256=DIRECTION('center_axis',(1.,0.,0.));
#2257=DIRECTION('ref_axis',(0.,0.707106781186549,0.707106781186546));
#2258=DIRECTION('center_axis',(1.,0.,0.));
#2259=DIRECTION('ref_axis',(0.,0.707106781186549,0.707106781186546));
#2260=DIRECTION('',(1.,0.,0.));
#2261=DIRECTION('center_axis',(0.,-1.,0.));
#2262=DIRECTION('ref_axis',(1.,0.,0.));
#2263=DIRECTION('',(0.,0.,1.));
#2264=DIRECTION('',(1.,0.,0.));
#2265=DIRECTION('',(0.,0.,-1.));
#2266=DIRECTION('',(0.,0.,1.));
#2267=DIRECTION('',(-1.,0.,0.));
#2268=DIRECTION('',(3.70074341541719E-16,0.,1.));
#2269=DIRECTION('',(1.,0.,0.));
#2270=DIRECTION('',(3.70074341541719E-16,0.,-1.));
#2271=DIRECTION('',(-1.,0.,0.));
#2272=DIRECTION('center_axis',(0.,1.,0.));
#2273=DIRECTION('ref_axis',(1.,0.,0.));
#2274=DIRECTION('center_axis',(0.,1.,0.));
#2275=DIRECTION('ref_axis',(1.,0.,0.));
#2276=DIRECTION('center_axis',(0.,0.,1.));
#2277=DIRECTION('ref_axis',(-1.,-1.38777878078144E-15,0.));
#2278=DIRECTION('center_axis',(-0.835870191690865,0.,-0.548927156044112));
#2279=DIRECTION('ref_axis',(-0.548927156044112,-7.61789459352723E-16,0.835870191690865));
#2280=DIRECTION('',(0.,0.,1.));
#2281=DIRECTION('center_axis',(0.,0.,-1.));
#2282=DIRECTION('ref_axis',(-1.,-1.38777878078144E-15,0.));
#2283=DIRECTION('center_axis',(0.,0.,1.));
#2284=DIRECTION('ref_axis',(0.5,-0.866025403784439,0.));
#2285=DIRECTION('',(0.,0.,-1.));
#2286=DIRECTION('center_axis',(0.,0.,1.));
#2287=DIRECTION('ref_axis',(0.5,-0.866025403784439,0.));
#2288=DIRECTION('',(0.,0.,1.));
#2289=DIRECTION('center_axis',(-0.835870191690865,0.,-0.548927156044112));
#2290=DIRECTION('ref_axis',(0.548927156044111,-7.61789459352723E-17,-0.835870191690865));
#2291=DIRECTION('',(0.,0.,1.));
#2292=DIRECTION('center_axis',(0.707106781186546,0.,0.707106781186549));
#2293=DIRECTION('ref_axis',(0.707106781186549,0.,-0.707106781186546));
#2294=DIRECTION('center_axis',(1.,0.,0.));
#2295=DIRECTION('ref_axis',(0.,-0.707106781186549,-0.707106781186546));
#2296=DIRECTION('',(1.,0.,0.));
#2297=DIRECTION('center_axis',(1.,0.,0.));
#2298=DIRECTION('ref_axis',(0.,-0.707106781186549,-0.707106781186546));
#2299=DIRECTION('',(-1.,0.,0.));
#2300=DIRECTION('center_axis',(0.,0.,1.));
#2301=DIRECTION('ref_axis',(-1.,0.,0.));
#2302=DIRECTION('',(-0.994444401457431,0.105263157894737,0.));
#2303=DIRECTION('center_axis',(0.,0.,1.));
#2304=DIRECTION('ref_axis',(0.105263157894739,0.994444401457431,0.));
#2305=DIRECTION('',(-0.994444401457431,-0.105263157894737,0.));
#2306=DIRECTION('center_axis',(0.,0.,1.));
#2307=DIRECTION('ref_axis',(-0.105263157894738,0.994444401457431,0.));
#2308=DIRECTION('',(0.994444401457431,-0.105263157894737,0.));
#2309=DIRECTION('center_axis',(0.,0.,1.));
#2310=DIRECTION('ref_axis',(-0.105263157894725,-0.994444401457432,0.));
#2311=DIRECTION('',(0.994444401457431,0.105263157894737,0.));
#2312=DIRECTION('center_axis',(0.,0.,1.));
#2313=DIRECTION('ref_axis',(0.105263157894733,-0.994444401457431,0.));
#2314=DIRECTION('',(0.,1.,0.));
#2315=DIRECTION('center_axis',(0.,0.,-1.));
#2316=DIRECTION('ref_axis',(0.,1.,0.));
#2317=DIRECTION('',(1.,0.,0.));
#2318=DIRECTION('',(0.,1.,0.));
#2319=DIRECTION('center_axis',(0.,0.,1.));
#2320=DIRECTION('ref_axis',(-0.5,-0.866025403784439,0.));
#2321=DIRECTION('',(0.,-1.,0.));
#2322=DIRECTION('',(0.,1.,0.));
#2323=DIRECTION('',(1.,0.,0.));
#2324=DIRECTION('center_axis',(0.,0.,-1.));
#2325=DIRECTION('ref_axis',(1.,0.,0.));
#2326=DIRECTION('center_axis',(0.,0.,1.));
#2327=DIRECTION('ref_axis',(0.,1.,0.));
#2328=DIRECTION('',(0.,0.,1.));
#2329=DIRECTION('center_axis',(0.,0.,1.));
#2330=DIRECTION('ref_axis',(-1.,0.,0.));
#2331=DIRECTION('',(0.,-1.,0.));
#2332=DIRECTION('',(0.,1.,0.));
#2333=DIRECTION('',(-1.,0.,0.));
#2334=DIRECTION('center_axis',(0.,0.,1.));
#2335=DIRECTION('ref_axis',(-0.5,-0.866025403784439,0.));
#2336=DIRECTION('',(0.,0.,-1.));
#2337=DIRECTION('center_axis',(0.835870191690865,0.,-0.548927156044112));
#2338=DIRECTION('ref_axis',(-0.548927156044111,-7.61789459352723E-17,-0.835870191690865));
#2339=DIRECTION('',(0.,0.,-1.));
#2340=DIRECTION('',(0.,0.,1.));
#2341=DIRECTION('center_axis',(-0.707106781186546,0.,0.707106781186549));
#2342=DIRECTION('ref_axis',(-0.707106781186549,0.,-0.707106781186546));
#2343=DIRECTION('center_axis',(1.,0.,0.));
#2344=DIRECTION('ref_axis',(0.,-0.707106781186549,-0.707106781186546));
#2345=DIRECTION('',(-1.,0.,0.));
#2346=DIRECTION('center_axis',(-1.,0.,0.));
#2347=DIRECTION('ref_axis',(0.,-0.707106781186549,-0.707106781186546));
#2348=DIRECTION('',(1.,0.,0.));
#2349=DIRECTION('center_axis',(0.,1.,0.));
#2350=DIRECTION('ref_axis',(0.,0.,1.));
#2351=DIRECTION('',(0.,0.,1.));
#2352=DIRECTION('',(-1.,0.,0.));
#2353=DIRECTION('',(-3.27499417293557E-16,0.,-1.));
#2354=DIRECTION('',(-0.548927156044112,0.,-0.835870191690865));
#2355=DIRECTION('center_axis',(0.,0.,1.));
#2356=DIRECTION('ref_axis',(-1.,0.,0.));
#2357=DIRECTION('',(-1.,0.,0.));
#2358=DIRECTION('',(0.,-1.,0.));
#2359=DIRECTION('center_axis',(1.,0.,-3.27499417293557E-16));
#2360=DIRECTION('ref_axis',(3.27499417293557E-16,0.,1.));
#2361=DIRECTION('',(3.27499417293557E-16,0.,1.));
#2362=DIRECTION('',(0.,-1.,0.));
#2363=DIRECTION('center_axis',(0.835870191690865,0.,-0.548927156044112));
#2364=DIRECTION('ref_axis',(0.548927156044112,0.,0.835870191690865));
#2365=DIRECTION('',(0.,1.,0.));
#2366=DIRECTION('',(0.548927156044112,0.,0.835870191690865));
#2367=DIRECTION('',(0.,-1.,0.));
#2368=DIRECTION('center_axis',(-1.,0.,0.));
#2369=DIRECTION('ref_axis',(0.,0.,-1.));
#2370=DIRECTION('',(0.,0.,-1.));
#2371=DIRECTION('center_axis',(-1.,0.,0.));
#2372=DIRECTION('ref_axis',(0.,0.,-1.));
#2373=DIRECTION('',(0.,0.,-1.));
#2374=DIRECTION('center_axis',(0.,-1.,0.));
#2375=DIRECTION('ref_axis',(0.,0.,-1.));
#2376=DIRECTION('center_axis',(1.,0.,0.));
#2377=DIRECTION('ref_axis',(0.,1.,0.));
#2378=DIRECTION('center_axis',(0.,1.,0.));
#2379=DIRECTION('ref_axis',(0.,0.,1.));
#2380=DIRECTION('',(-0.548927156044112,0.,0.835870191690865));
#2381=DIRECTION('',(-3.27499417293557E-16,0.,1.));
#2382=DIRECTION('',(1.,0.,0.));
#2383=DIRECTION('',(1.,0.,0.));
#2384=DIRECTION('',(0.,0.,-1.));
#2385=DIRECTION('center_axis',(-0.835870191690865,0.,-0.548927156044112));
#2386=DIRECTION('ref_axis',(0.548927156044112,0.,-0.835870191690865));
#2387=DIRECTION('',(0.548927156044112,0.,-0.835870191690865));
#2388=DIRECTION('',(0.,-1.,0.));
#2389=DIRECTION('',(0.,1.,0.));
#2390=DIRECTION('center_axis',(-1.,0.,-3.27499417293557E-16));
#2391=DIRECTION('ref_axis',(3.27499417293557E-16,0.,-1.));
#2392=DIRECTION('',(3.27499417293557E-16,0.,-1.));
#2393=DIRECTION('',(0.,-1.,0.));
#2394=DIRECTION('center_axis',(0.,0.,1.));
#2395=DIRECTION('ref_axis',(-1.,0.,0.));
#2396=DIRECTION('',(1.,0.,0.));
#2397=DIRECTION('center_axis',(0.,0.,1.));
#2398=DIRECTION('ref_axis',(-1.,0.,0.));
#2399=DIRECTION('',(-1.,0.,0.));
#2400=DIRECTION('',(0.,-1.,0.));
#2401=DIRECTION('center_axis',(1.,0.,0.));
#2402=DIRECTION('ref_axis',(0.,0.,1.));
#2403=DIRECTION('',(0.,0.,1.));
#2404=DIRECTION('center_axis',(0.,-1.,0.));
#2405=DIRECTION('ref_axis',(0.,0.,-1.));
#2406=DIRECTION('center_axis',(-1.,0.,0.));
#2407=DIRECTION('ref_axis',(0.,-1.,0.));
#2408=DIRECTION('center_axis',(0.,0.,1.));
#2409=DIRECTION('ref_axis',(1.,0.,0.));
#2410=DIRECTION('center_axis',(0.,0.,-1.));
#2411=DIRECTION('ref_axis',(0.105263157894737,0.994444401457431,0.));
#2412=DIRECTION('',(0.994444401457431,-0.105263157894737,0.));
#2413=DIRECTION('center_axis',(0.,0.,-1.));
#2414=DIRECTION('ref_axis',(0.105263157894732,-0.994444401457431,0.));
#2415=DIRECTION('',(-0.994444401457431,-0.105263157894737,0.));
#2416=DIRECTION('center_axis',(0.,0.,-1.));
#2417=DIRECTION('ref_axis',(-0.105263157894726,-0.994444401457432,0.));
#2418=DIRECTION('',(-0.994444401457431,0.105263157894737,0.));
#2419=DIRECTION('center_axis',(0.,0.,-1.));
#2420=DIRECTION('ref_axis',(-0.105263157894737,0.994444401457431,0.));
#2421=DIRECTION('',(0.994444401457431,0.105263157894737,0.));
#2422=DIRECTION('center_axis',(0.,0.,1.));
#2423=DIRECTION('ref_axis',(-0.105263157894726,-0.994444401457432,0.));
#2424=DIRECTION('',(0.994444401457431,0.105263157894737,0.));
#2425=DIRECTION('center_axis',(0.,0.,1.));
#2426=DIRECTION('ref_axis',(0.105263157894732,-0.994444401457431,0.));
#2427=DIRECTION('',(-0.994444401457431,0.105263157894737,0.));
#2428=DIRECTION('center_axis',(0.,0.,1.));
#2429=DIRECTION('ref_axis',(0.105263157894737,0.994444401457431,0.));
#2430=DIRECTION('',(-0.994444401457431,-0.105263157894737,0.));
#2431=DIRECTION('center_axis',(0.,0.,1.));
#2432=DIRECTION('ref_axis',(-0.105263157894737,0.994444401457431,0.));
#2433=DIRECTION('',(0.994444401457431,-0.105263157894737,0.));
#2434=DIRECTION('center_axis',(0.,0.,1.));
#2435=DIRECTION('ref_axis',(1.,0.,0.));
#2436=DIRECTION('',(-1.,0.,0.));
#2437=DIRECTION('',(0.,1.,0.));
#2438=DIRECTION('',(0.,1.,0.));
#2439=DIRECTION('center_axis',(-1.,0.,3.70074341541719E-16));
#2440=DIRECTION('ref_axis',(3.70074341541719E-16,0.,1.));
#2441=DIRECTION('',(-3.70074341541719E-16,0.,-1.));
#2442=DIRECTION('center_axis',(1.,0.,3.70074341541719E-16));
#2443=DIRECTION('ref_axis',(3.70074341541719E-16,0.,-1.));
#2444=DIRECTION('',(-3.70074341541719E-16,0.,1.));
#2445=DIRECTION('center_axis',(0.,1.,0.));
#2446=DIRECTION('ref_axis',(-1.,0.,0.));
#2447=DIRECTION('',(0.,0.,1.));
#2448=DIRECTION('center_axis',(0.,-1.,0.));
#2449=DIRECTION('ref_axis',(1.,0.,0.));
#2450=DIRECTION('center_axis',(0.,-1.,0.));
#2451=DIRECTION('ref_axis',(1.,0.,0.));
#2452=DIRECTION('center_axis',(0.,1.,0.));
#2453=DIRECTION('ref_axis',(1.,0.,0.));
#2454=DIRECTION('center_axis',(0.,1.,0.));
#2455=DIRECTION('ref_axis',(1.,0.,0.));
#2456=DIRECTION('',(0.,1.,0.));
#2457=DIRECTION('center_axis',(0.,1.,0.));
#2458=DIRECTION('ref_axis',(1.,0.,0.));
#2459=DIRECTION('center_axis',(0.,1.,0.));
#2460=DIRECTION('ref_axis',(1.,0.,0.));
#2461=DIRECTION('',(0.,1.,0.));
#2462=DIRECTION('center_axis',(0.,-1.,0.));
#2463=DIRECTION('ref_axis',(1.,0.,0.));
#2464=DIRECTION('center_axis',(0.,-1.,0.));
#2465=DIRECTION('ref_axis',(1.,0.,0.));
#2466=DIRECTION('',(0.,1.,0.));
#2467=DIRECTION('center_axis',(0.,-1.,0.));
#2468=DIRECTION('ref_axis',(1.,0.,0.));
#2469=DIRECTION('center_axis',(0.,-1.,0.));
#2470=DIRECTION('ref_axis',(1.,0.,0.));
#2471=DIRECTION('center_axis',(0.,-1.,0.));
#2472=DIRECTION('ref_axis',(1.,0.,0.));
#2473=DIRECTION('',(0.,1.,0.));
#2474=DIRECTION('center_axis',(0.,-1.,0.));
#2475=DIRECTION('ref_axis',(1.,0.,0.));
#2476=DIRECTION('center_axis',(0.,0.,1.));
#2477=DIRECTION('ref_axis',(1.,0.,0.));
#2478=DIRECTION('center_axis',(0.,0.,1.));
#2479=DIRECTION('ref_axis',(-1.,0.,0.));
#2480=DIRECTION('',(-0.994444401457431,-0.105263157894737,0.));
#2481=DIRECTION('center_axis',(0.,0.,-1.));
#2482=DIRECTION('ref_axis',(-0.105263157894726,-0.994444401457432,0.));
#2483=DIRECTION('',(-0.994444401457431,0.105263157894737,0.));
#2484=DIRECTION('center_axis',(0.,0.,-1.));
#2485=DIRECTION('ref_axis',(-0.105263157894737,0.994444401457431,0.));
#2486=DIRECTION('',(0.994444401457431,0.105263157894737,0.));
#2487=DIRECTION('center_axis',(0.,0.,-1.));
#2488=DIRECTION('ref_axis',(0.105263157894737,0.994444401457431,0.));
#2489=DIRECTION('',(0.994444401457431,-0.105263157894737,0.));
#2490=DIRECTION('center_axis',(0.,0.,-1.));
#2491=DIRECTION('ref_axis',(0.105263157894732,-0.994444401457431,0.));
#2492=DIRECTION('center_axis',(-0.105263157894737,0.994444401457431,0.));
#2493=DIRECTION('ref_axis',(-0.994444401457431,-0.105263157894737,0.));
#2494=DIRECTION('',(0.,0.,-1.));
#2495=DIRECTION('',(0.,0.,1.));
#2496=DIRECTION('center_axis',(0.,0.,1.));
#2497=DIRECTION('ref_axis',(0.105263157894732,-0.994444401457431,0.));
#2498=DIRECTION('',(0.,0.,1.));
#2499=DIRECTION('center_axis',(-0.105263157894737,-0.994444401457431,0.));
#2500=DIRECTION('ref_axis',(0.994444401457431,-0.105263157894737,0.));
#2501=DIRECTION('',(0.,0.,1.));
#2502=DIRECTION('center_axis',(0.,0.,1.));
#2503=DIRECTION('ref_axis',(0.105263157894737,0.994444401457431,0.));
#2504=DIRECTION('',(0.,0.,1.));
#2505=DIRECTION('center_axis',(0.105263157894737,-0.994444401457431,0.));
#2506=DIRECTION('ref_axis',(0.994444401457431,0.105263157894737,0.));
#2507=DIRECTION('',(0.,0.,1.));
#2508=DIRECTION('center_axis',(0.,0.,1.));
#2509=DIRECTION('ref_axis',(-0.105263157894737,0.994444401457431,0.));
#2510=DIRECTION('',(0.,0.,1.));
#2511=DIRECTION('center_axis',(0.105263157894737,0.994444401457431,0.));
#2512=DIRECTION('ref_axis',(-0.994444401457431,0.105263157894737,0.));
#2513=DIRECTION('',(0.,0.,1.));
#2514=DIRECTION('center_axis',(0.,0.,1.));
#2515=DIRECTION('ref_axis',(-0.105263157894726,-0.994444401457432,0.));
#2516=DIRECTION('center_axis',(0.105263157894737,0.994444401457431,0.));
#2517=DIRECTION('ref_axis',(-0.994444401457431,0.105263157894737,0.));
#2518=DIRECTION('',(0.,0.,-1.));
#2519=DIRECTION('',(0.,0.,1.));
#2520=DIRECTION('center_axis',(0.,0.,1.));
#2521=DIRECTION('ref_axis',(0.105263157894732,-0.994444401457431,0.));
#2522=DIRECTION('',(0.,0.,1.));
#2523=DIRECTION('center_axis',(0.105263157894737,-0.994444401457431,0.));
#2524=DIRECTION('ref_axis',(0.994444401457431,0.105263157894737,0.));
#2525=DIRECTION('',(0.,0.,1.));
#2526=DIRECTION('center_axis',(0.,0.,1.));
#2527=DIRECTION('ref_axis',(-0.105263157894726,-0.994444401457432,0.));
#2528=DIRECTION('',(0.,0.,1.));
#2529=DIRECTION('center_axis',(-0.105263157894737,-0.994444401457431,0.));
#2530=DIRECTION('ref_axis',(0.994444401457431,-0.105263157894737,0.));
#2531=DIRECTION('',(0.,0.,1.));
#2532=DIRECTION('center_axis',(0.,0.,1.));
#2533=DIRECTION('ref_axis',(-0.105263157894737,0.994444401457431,0.));
#2534=DIRECTION('',(0.,0.,1.));
#2535=DIRECTION('center_axis',(-0.105263157894737,0.994444401457431,0.));
#2536=DIRECTION('ref_axis',(-0.994444401457431,-0.105263157894737,0.));
#2537=DIRECTION('',(0.,0.,1.));
#2538=DIRECTION('center_axis',(0.,0.,1.));
#2539=DIRECTION('ref_axis',(0.105263157894737,0.994444401457431,0.));
#2540=CARTESIAN_POINT('',(0.,0.,0.));
#2541=CARTESIAN_POINT('Origin',(-12.7699583042355,-2.,59.));
#2542=CARTESIAN_POINT('',(-12.7699583042355,1.,77.84));
#2543=CARTESIAN_POINT('',(-12.7699583042355,-8.,77.84));
#2544=CARTESIAN_POINT('',(-12.7699583042355,-2.,77.84));
#2545=CARTESIAN_POINT('',(-12.7699583042354,-8.,59.));
#2546=CARTESIAN_POINT('',(-12.7699583042354,-8.,59.));
#2547=CARTESIAN_POINT('',(-12.7699583042354,1.,59.));
#2548=CARTESIAN_POINT('',(-12.7699583042355,-2.,59.));
#2549=CARTESIAN_POINT('',(-12.7699583042354,1.,59.));
#2550=CARTESIAN_POINT('Origin',(12.7699583042354,-2.,77.84));
#2551=CARTESIAN_POINT('',(12.7699583042354,-8.,59.));
#2552=CARTESIAN_POINT('',(12.7699583042354,1.,59.));
#2553=CARTESIAN_POINT('',(12.7699583042354,-2.,59.));
#2554=CARTESIAN_POINT('',(12.7699583042355,-8.,77.84));
#2555=CARTESIAN_POINT('',(12.7699583042354,-8.,59.));
#2556=CARTESIAN_POINT('',(12.7699583042355,1.,77.84));
#2557=CARTESIAN_POINT('',(12.7699583042355,-2.,77.84));
#2558=CARTESIAN_POINT('',(12.7699583042354,1.,59.));
#2559=CARTESIAN_POINT('Origin',(13.6384583042354,-2.,59.));
#2560=CARTESIAN_POINT('',(11.0984583042354,1.,59.));
#2561=CARTESIAN_POINT('',(11.0984583042354,1.,59.));
#2562=CARTESIAN_POINT('',(11.0984583042354,-8.,59.));
#2563=CARTESIAN_POINT('',(11.0984583042354,-2.,59.));
#2564=CARTESIAN_POINT('',(11.0984583042354,-8.,59.));
#2565=CARTESIAN_POINT('Origin',(-6.,-2.,52.5));
#2566=CARTESIAN_POINT('',(6.,2.,52.5));
#2567=CARTESIAN_POINT('',(-6.,2.,52.5));
#2568=CARTESIAN_POINT('',(3.25,2.,52.5));
#2569=CARTESIAN_POINT('',(6.,-2.,52.5));
#2570=CARTESIAN_POINT('',(6.,-2.,52.5));
#2571=CARTESIAN_POINT('',(-6.,-2.,52.5));
#2572=CARTESIAN_POINT('',(-9.25,-2.,52.5));
#2573=CARTESIAN_POINT('',(-6.,-2.,52.5));
#2574=CARTESIAN_POINT('Origin',(-6.,-2.,49.5));
#2575=CARTESIAN_POINT('',(-6.,2.,49.5));
#2576=CARTESIAN_POINT('',(-6.00000000000001,2.,28.5));
#2577=CARTESIAN_POINT('',(-6.,-2.,49.5));
#2578=CARTESIAN_POINT('',(-6.00000000000001,-2.,28.5));
#2579=CARTESIAN_POINT('',(-6.,-2.,49.5));
#2580=CARTESIAN_POINT('Origin',(6.,-2.,49.5));
#2581=CARTESIAN_POINT('',(6.,2.,49.5));
#2582=CARTESIAN_POINT('',(9.25,2.,49.5));
#2583=CARTESIAN_POINT('',(6.,-2.,49.5));
#2584=CARTESIAN_POINT('',(-3.25,-2.,49.5));
#2585=CARTESIAN_POINT('',(6.,-2.,49.5));
#2586=CARTESIAN_POINT('Origin',(6.,-2.,52.5));
#2587=CARTESIAN_POINT('',(6.00000000000001,2.,30.));
#2588=CARTESIAN_POINT('',(6.00000000000001,-2.,30.));
#2589=CARTESIAN_POINT('Origin',(-6.,-2.,46.5));
#2590=CARTESIAN_POINT('',(6.,2.,46.5));
#2591=CARTESIAN_POINT('',(-6.,2.,46.5));
#2592=CARTESIAN_POINT('',(3.25,2.,46.5));
#2593=CARTESIAN_POINT('',(6.,-2.,46.5));
#2594=CARTESIAN_POINT('',(6.,-2.,46.5));
#2595=CARTESIAN_POINT('',(-6.,-2.,46.5));
#2596=CARTESIAN_POINT('',(-9.25,-2.,46.5));
#2597=CARTESIAN_POINT('',(-6.,-2.,46.5));
#2598=CARTESIAN_POINT('Origin',(-6.,-2.,43.5));
#2599=CARTESIAN_POINT('',(-6.,2.,43.5));
#2600=CARTESIAN_POINT('',(-6.00000000000001,2.,25.5));
#2601=CARTESIAN_POINT('',(-6.,-2.,43.5));
#2602=CARTESIAN_POINT('',(-6.00000000000001,-2.,25.5));
#2603=CARTESIAN_POINT('',(-6.,-2.,43.5));
#2604=CARTESIAN_POINT('Origin',(6.,-2.,43.5));
#2605=CARTESIAN_POINT('',(6.,2.,43.5));
#2606=CARTESIAN_POINT('',(9.25,2.,43.5));
#2607=CARTESIAN_POINT('',(6.,-2.,43.5));
#2608=CARTESIAN_POINT('',(-3.25,-2.,43.5));
#2609=CARTESIAN_POINT('',(6.,-2.,43.5));
#2610=CARTESIAN_POINT('Origin',(6.,-2.,46.5));
#2611=CARTESIAN_POINT('',(6.00000000000001,2.,27.));
#2612=CARTESIAN_POINT('',(6.00000000000001,-2.,27.));
#2613=CARTESIAN_POINT('Origin',(-6.,-2.,40.5));
#2614=CARTESIAN_POINT('',(6.,2.,40.5));
#2615=CARTESIAN_POINT('',(-6.,2.,40.5));
#2616=CARTESIAN_POINT('',(3.25,2.,40.5));
#2617=CARTESIAN_POINT('',(6.,-2.,40.5));
#2618=CARTESIAN_POINT('',(6.,-2.,40.5));
#2619=CARTESIAN_POINT('',(-6.,-2.,40.5));
#2620=CARTESIAN_POINT('',(-9.25,-2.,40.5));
#2621=CARTESIAN_POINT('',(-6.,-2.,40.5));
#2622=CARTESIAN_POINT('Origin',(-6.,-2.,37.5));
#2623=CARTESIAN_POINT('',(-6.,2.,37.5));
#2624=CARTESIAN_POINT('',(-6.00000000000001,2.,22.5));
#2625=CARTESIAN_POINT('',(-6.,-2.,37.5));
#2626=CARTESIAN_POINT('',(-6.00000000000001,-2.,22.5));
#2627=CARTESIAN_POINT('',(-6.,-2.,37.5));
#2628=CARTESIAN_POINT('Origin',(6.,-2.,37.5));
#2629=CARTESIAN_POINT('',(6.,2.,37.5));
#2630=CARTESIAN_POINT('',(9.25,2.,37.5));
#2631=CARTESIAN_POINT('',(6.,-2.,37.5));
#2632=CARTESIAN_POINT('',(-3.25,-2.,37.5));
#2633=CARTESIAN_POINT('',(6.,-2.,37.5));
#2634=CARTESIAN_POINT('Origin',(6.,-2.,40.5));
#2635=CARTESIAN_POINT('',(6.00000000000001,2.,24.));
#2636=CARTESIAN_POINT('',(6.00000000000001,-2.,24.));
#2637=CARTESIAN_POINT('Origin',(-6.,-2.,34.5));
#2638=CARTESIAN_POINT('',(6.,2.,34.5));
#2639=CARTESIAN_POINT('',(-6.,2.,34.5));
#2640=CARTESIAN_POINT('',(3.25,2.,34.5));
#2641=CARTESIAN_POINT('',(6.,-2.,34.5));
#2642=CARTESIAN_POINT('',(6.,-2.,34.5));
#2643=CARTESIAN_POINT('',(-6.,-2.,34.5));
#2644=CARTESIAN_POINT('',(-9.25,-2.,34.5));
#2645=CARTESIAN_POINT('',(-6.,-2.,34.5));
#2646=CARTESIAN_POINT('Origin',(-6.,-2.,31.5));
#2647=CARTESIAN_POINT('',(-6.,2.,31.5));
#2648=CARTESIAN_POINT('',(-6.00000000000001,2.,19.5));
#2649=CARTESIAN_POINT('',(-6.,-2.,31.5));
#2650=CARTESIAN_POINT('',(-6.00000000000001,-2.,19.5));
#2651=CARTESIAN_POINT('',(-6.,-2.,31.5));
#2652=CARTESIAN_POINT('Origin',(6.,-2.,31.5));
#2653=CARTESIAN_POINT('',(6.,2.,31.5));
#2654=CARTESIAN_POINT('',(9.25,2.,31.5));
#2655=CARTESIAN_POINT('',(6.,-2.,31.5));
#2656=CARTESIAN_POINT('',(-3.25,-2.,31.5));
#2657=CARTESIAN_POINT('',(6.,-2.,31.5));
#2658=CARTESIAN_POINT('Origin',(6.,-2.,34.5));
#2659=CARTESIAN_POINT('',(6.00000000000001,2.,21.));
#2660=CARTESIAN_POINT('',(6.00000000000001,-2.,21.));
#2661=CARTESIAN_POINT('Origin',(-6.,-2.,28.5));
#2662=CARTESIAN_POINT('',(6.,2.,28.5));
#2663=CARTESIAN_POINT('',(-6.,2.,28.5));
#2664=CARTESIAN_POINT('',(3.25,2.,28.5));
#2665=CARTESIAN_POINT('',(6.,-2.,28.5));
#2666=CARTESIAN_POINT('',(6.,-2.,28.5));
#2667=CARTESIAN_POINT('',(-6.,-2.,28.5));
#2668=CARTESIAN_POINT('',(-9.25,-2.,28.5));
#2669=CARTESIAN_POINT('',(-6.,-2.,28.5));
#2670=CARTESIAN_POINT('Origin',(-6.,-2.,25.5));
#2671=CARTESIAN_POINT('',(-6.,2.,25.5));
#2672=CARTESIAN_POINT('',(-6.,2.,16.5));
#2673=CARTESIAN_POINT('',(-6.,-2.,25.5));
#2674=CARTESIAN_POINT('',(-6.,-2.,16.5));
#2675=CARTESIAN_POINT('',(-6.,-2.,25.5));
#2676=CARTESIAN_POINT('Origin',(6.,-2.,25.5));
#2677=CARTESIAN_POINT('',(6.,2.,25.5));
#2678=CARTESIAN_POINT('',(9.25,2.,25.5));
#2679=CARTESIAN_POINT('',(6.,-2.,25.5));
#2680=CARTESIAN_POINT('',(-3.25,-2.,25.5));
#2681=CARTESIAN_POINT('',(6.,-2.,25.5));
#2682=CARTESIAN_POINT('Origin',(6.,-2.,28.5));
#2683=CARTESIAN_POINT('',(6.00000000000001,2.,18.));
#2684=CARTESIAN_POINT('',(6.00000000000001,-2.,18.));
#2685=CARTESIAN_POINT('Origin',(-6.,-2.,22.5));
#2686=CARTESIAN_POINT('',(6.,2.,22.5));
#2687=CARTESIAN_POINT('',(-6.,2.,22.5));
#2688=CARTESIAN_POINT('',(3.25,2.,22.5));
#2689=CARTESIAN_POINT('',(6.,-2.,22.5));
#2690=CARTESIAN_POINT('',(6.,-2.,22.5));
#2691=CARTESIAN_POINT('',(-6.,-2.,22.5));
#2692=CARTESIAN_POINT('',(-9.25,-2.,22.5));
#2693=CARTESIAN_POINT('',(-6.,-2.,22.5));
#2694=CARTESIAN_POINT('Origin',(-6.,-2.,19.5));
#2695=CARTESIAN_POINT('',(-6.,2.,19.5));
#2696=CARTESIAN_POINT('',(-6.,2.,13.5));
#2697=CARTESIAN_POINT('',(-6.,-2.,19.5));
#2698=CARTESIAN_POINT('',(-6.,-2.,13.5));
#2699=CARTESIAN_POINT('',(-6.,-2.,19.5));
#2700=CARTESIAN_POINT('Origin',(6.,-2.,19.5));
#2701=CARTESIAN_POINT('',(6.,2.,19.5));
#2702=CARTESIAN_POINT('',(9.25,2.,19.5));
#2703=CARTESIAN_POINT('',(6.,-2.,19.5));
#2704=CARTESIAN_POINT('',(-3.25,-2.,19.5));
#2705=CARTESIAN_POINT('',(6.,-2.,19.5));
#2706=CARTESIAN_POINT('Origin',(6.,-2.,22.5));
#2707=CARTESIAN_POINT('',(6.,2.,15.));
#2708=CARTESIAN_POINT('',(6.,-2.,15.));
#2709=CARTESIAN_POINT('Origin',(-6.,-2.,16.5));
#2710=CARTESIAN_POINT('',(6.,2.,16.5));
#2711=CARTESIAN_POINT('',(-6.,2.,16.5));
#2712=CARTESIAN_POINT('',(3.25,2.,16.5));
#2713=CARTESIAN_POINT('',(6.,-2.,16.5));
#2714=CARTESIAN_POINT('',(6.,-2.,16.5));
#2715=CARTESIAN_POINT('',(-6.,-2.,16.5));
#2716=CARTESIAN_POINT('',(-9.25,-2.,16.5));
#2717=CARTESIAN_POINT('',(-6.,-2.,16.5));
#2718=CARTESIAN_POINT('Origin',(-6.,-2.,13.5));
#2719=CARTESIAN_POINT('',(-6.,2.,13.5));
#2720=CARTESIAN_POINT('',(-6.,2.,10.5));
#2721=CARTESIAN_POINT('',(-6.,-2.,13.5));
#2722=CARTESIAN_POINT('',(-6.,-2.,10.5));
#2723=CARTESIAN_POINT('',(-6.,-2.,13.5));
#2724=CARTESIAN_POINT('Origin',(6.,-2.,13.5));
#2725=CARTESIAN_POINT('',(6.,2.,13.5));
#2726=CARTESIAN_POINT('',(9.25,2.,13.5));
#2727=CARTESIAN_POINT('',(6.,-2.,13.5));
#2728=CARTESIAN_POINT('',(-3.25,-2.,13.5));
#2729=CARTESIAN_POINT('',(6.,-2.,13.5));
#2730=CARTESIAN_POINT('Origin',(6.,-2.,16.5));
#2731=CARTESIAN_POINT('',(6.,2.,12.));
#2732=CARTESIAN_POINT('',(6.,-2.,12.));
#2733=CARTESIAN_POINT('Origin',(12.4966748027396,-2.99999447151631,7.5));
#2734=CARTESIAN_POINT('',(12.5,-2.,53.4823291228236));
#2735=CARTESIAN_POINT('',(13.4966748027396,-2.99999447151631,55.));
#2736=CARTESIAN_POINT('Origin',(12.4966748027396,-2.99999447151631,53.477265731004));
#2737=CARTESIAN_POINT('',(13.4966748027396,-2.99999447151631,57.5));
#2738=CARTESIAN_POINT('',(13.4966748027396,-2.99999447151631,7.5));
#2739=CARTESIAN_POINT('',(13.4653355717737,-2.75160704322296,57.5));
#2740=CARTESIAN_POINT('Origin',(12.4966748027396,-2.99999447151631,57.5));
#2741=CARTESIAN_POINT('',(12.5,-2.,56.5));
#2742=CARTESIAN_POINT('Ctrl Pts',(12.4999999999999,-2.,56.5));
#2743=CARTESIAN_POINT('Ctrl Pts',(12.4999999999999,-2.,56.5000595078283));
#2744=CARTESIAN_POINT('Ctrl Pts',(12.5000015975737,-2.00000000530837,56.5001191694914));
#2745=CARTESIAN_POINT('Ctrl Pts',(12.5000187416542,-2.00000006239872,56.5004383815187));
#2746=CARTESIAN_POINT('Ctrl Pts',(12.5000624820302,-2.00000020755304,56.5006909249203));
#2747=CARTESIAN_POINT('Ctrl Pts',(12.5003127289034,-2.00000107178196,56.5016431328962));
#2748=CARTESIAN_POINT('Ctrl Pts',(12.5007113334131,-2.00000235578402,56.5024834008659));
#2749=CARTESIAN_POINT('Ctrl Pts',(12.5021456684907,-2.0000091849672,56.5048871915382));
#2750=CARTESIAN_POINT('Ctrl Pts',(12.5031660400031,-2.00001514968166,56.5064224109792));
#2751=CARTESIAN_POINT('Ctrl Pts',(12.5056022462017,-2.00003311605914,56.5100235761269));
#2752=CARTESIAN_POINT('Ctrl Pts',(12.5077043301738,-2.00005417102726,56.5130403787624));
#2753=CARTESIAN_POINT('Ctrl Pts',(12.5123903112503,-2.00011289604713,56.5197455429717));
#2754=CARTESIAN_POINT('Ctrl Pts',(12.5158926464546,-2.00017272277853,56.5247164666505));
#2755=CARTESIAN_POINT('Ctrl Pts',(12.5322799953194,-2.00054648864586,56.5479529240905));
#2756=CARTESIAN_POINT('Ctrl Pts',(12.545273435311,-2.00109035600318,56.5663007204812));
#2757=CARTESIAN_POINT('Ctrl Pts',(12.5993254018372,-2.004429572003,56.6424705418272));
#2758=CARTESIAN_POINT('Ctrl Pts',(12.6408272826608,-2.00952935127236,56.7004492022007));
#2759=CARTESIAN_POINT('Ctrl Pts',(12.7464456106556,-2.02950682087951,56.8443623627175));
#2760=CARTESIAN_POINT('Ctrl Pts',(12.8126195224409,-2.04845151937216,56.9310672732304));
#2761=CARTESIAN_POINT('Ctrl Pts',(12.9950993939106,-2.12408994625842,57.1524009681469));
#2762=CARTESIAN_POINT('Ctrl Pts',(13.0905014356052,-2.18851535861856,57.2491876536093));
#2763=CARTESIAN_POINT('Ctrl Pts',(13.2286890941085,-2.31389526270149,57.3722734132368));
#2764=CARTESIAN_POINT('Ctrl Pts',(13.2857725984217,-2.37890749078535,57.4158916318341));
#2765=CARTESIAN_POINT('Ctrl Pts',(13.3844399688665,-2.53106515071327,57.4773261981367));
#2766=CARTESIAN_POINT('Ctrl Pts',(13.424200824197,-2.61451251755865,57.4944828435939));
#2767=CARTESIAN_POINT('Ctrl Pts',(13.4568794845731,-2.72022190684802,57.4996294271246));
#2768=CARTESIAN_POINT('Ctrl Pts',(13.4613029135703,-2.73588049126575,57.5));
#2769=CARTESIAN_POINT('Ctrl Pts',(13.4653355717737,-2.75160704322296,57.5));
#2770=CARTESIAN_POINT('',(12.5,-2.,7.5));
#2771=CARTESIAN_POINT('Origin',(12.5,-0.999999999999999,7.5));
#2772=CARTESIAN_POINT('',(13.5,-0.999999999999999,55.0050633918196));
#2773=CARTESIAN_POINT('Origin',(12.5,-0.999999999999999,53.4823291228236));
#2774=CARTESIAN_POINT('',(12.5,-2.,7.5));
#2775=CARTESIAN_POINT('',(12.5,-2.,7.5));
#2776=CARTESIAN_POINT('',(13.5,-0.999999999999999,7.5));
#2777=CARTESIAN_POINT('Origin',(12.5,-0.999999999999999,7.5));
#2778=CARTESIAN_POINT('',(13.5,-0.999999999999999,7.5));
#2779=CARTESIAN_POINT('Origin',(-0.700770847882281,-3.,56.5));
#2780=CARTESIAN_POINT('',(11.0984583042354,-2.,56.5));
#2781=CARTESIAN_POINT('',(11.0984583042354,-3.,57.5));
#2782=CARTESIAN_POINT('Origin',(11.0984583042354,-3.,56.5));
#2783=CARTESIAN_POINT('',(-0.700770847882281,-2.,56.5));
#2784=CARTESIAN_POINT('',(12.5,-3.,57.5));
#2785=CARTESIAN_POINT('Origin',(12.5,-3.,56.5));
#2786=CARTESIAN_POINT('',(-0.700770847882281,-3.,57.5));
#2787=CARTESIAN_POINT('Origin',(12.5,-0.999999999999999,56.5));
#2788=CARTESIAN_POINT('Origin',(12.5,-0.999999999999999,57.5));
#2789=CARTESIAN_POINT('Origin',(11.0984583042354,-2.,57.5));
#2790=CARTESIAN_POINT('',(13.4966748027396,-8.,57.5));
#2791=CARTESIAN_POINT('',(13.4966748027396,-2.,57.5));
#2792=CARTESIAN_POINT('',(11.0984583042354,-8.,57.5));
#2793=CARTESIAN_POINT('',(13.4966748027396,-8.,57.5));
#2794=CARTESIAN_POINT('',(11.0984583042354,-2.,57.5));
#2795=CARTESIAN_POINT('Origin',(-12.4966748027396,-2.99999447151631,7.5));
#2796=CARTESIAN_POINT('',(-13.4966748027396,-2.99999447151631,57.5));
#2797=CARTESIAN_POINT('',(-13.4653355717737,-2.75160704322296,57.5));
#2798=CARTESIAN_POINT('Origin',(-12.4966748027396,-2.99999447151631,57.5));
#2799=CARTESIAN_POINT('',(-13.4966748027396,-2.99999447151631,55.));
#2800=CARTESIAN_POINT('',(-13.4966748027396,-2.99999447151631,7.5));
#2801=CARTESIAN_POINT('',(-12.5,-2.,53.4823291228236));
#2802=CARTESIAN_POINT('Origin',(-12.4966748027396,-2.99999447151631,53.477265731004));
#2803=CARTESIAN_POINT('',(-12.5,-2.,56.5));
#2804=CARTESIAN_POINT('',(-12.5,-2.,7.5));
#2805=CARTESIAN_POINT('Ctrl Pts',(-13.4653355717737,-2.75160704322296,57.5));
#2806=CARTESIAN_POINT('Ctrl Pts',(-13.4613029135703,-2.73588049126575,57.5));
#2807=CARTESIAN_POINT('Ctrl Pts',(-13.4568794845731,-2.72022190684802,57.4996294271246));
#2808=CARTESIAN_POINT('Ctrl Pts',(-13.424200824197,-2.61451251755865,57.4944828435939));
#2809=CARTESIAN_POINT('Ctrl Pts',(-13.3844399688665,-2.53106515071327,57.4773261981367));
#2810=CARTESIAN_POINT('Ctrl Pts',(-13.2857725984217,-2.37890749078535,57.4158916318341));
#2811=CARTESIAN_POINT('Ctrl Pts',(-13.2286890941085,-2.31389526270148,57.3722734132368));
#2812=CARTESIAN_POINT('Ctrl Pts',(-13.0905014356052,-2.1885153586186,57.2491876536093));
#2813=CARTESIAN_POINT('Ctrl Pts',(-12.9950993939106,-2.12408994625843,57.152400968147));
#2814=CARTESIAN_POINT('Ctrl Pts',(-12.6845493945848,-1.99536608630967,56.7757283069185));
#2815=CARTESIAN_POINT('Ctrl Pts',(-12.5116029528036,-2.00005363657195,56.5208677035995));
#2816=CARTESIAN_POINT('Ctrl Pts',(-12.5007140947108,-2.00000240815761,56.5024791129541));
#2817=CARTESIAN_POINT('Ctrl Pts',(-12.5003350751628,-2.00000115283907,56.5016820432039));
#2818=CARTESIAN_POINT('Ctrl Pts',(-12.5000752366898,-2.00000025036043,56.5007540780991));
#2819=CARTESIAN_POINT('Ctrl Pts',(-12.5000251823381,-2.00000008389416,56.5004910617434));
#2820=CARTESIAN_POINT('Ctrl Pts',(-12.5000024300385,-2.00000000807142,56.500146916549));
#2821=CARTESIAN_POINT('Ctrl Pts',(-12.5000000000001,-2.,56.500073393356));
#2822=CARTESIAN_POINT('Ctrl Pts',(-12.5000000000001,-2.,56.5));
#2823=CARTESIAN_POINT('Origin',(-13.4966748027396,-2.,55.));
#2824=CARTESIAN_POINT('',(-13.4966748027396,-8.,57.5));
#2825=CARTESIAN_POINT('',(-13.4966748027396,-2.,57.5));
#2826=CARTESIAN_POINT('',(-13.4966748027396,-8.,55.));
#2827=CARTESIAN_POINT('',(-13.4966748027396,-8.,57.5));
#2828=CARTESIAN_POINT('',(-13.4966748027396,-2.,55.));
#2829=CARTESIAN_POINT('Origin',(-13.4966748027396,-2.,57.5));
#2830=CARTESIAN_POINT('',(-12.5,-3.,57.5));
#2831=CARTESIAN_POINT('Origin',(-12.5,-0.999999999999999,57.5));
#2832=CARTESIAN_POINT('',(-11.0984583042354,-3.,57.5));
#2833=CARTESIAN_POINT('',(-12.9983374013698,-3.,57.5));
#2834=CARTESIAN_POINT('',(-11.0984583042354,-8.,57.5));
#2835=CARTESIAN_POINT('',(-11.0984583042354,-2.,57.5));
#2836=CARTESIAN_POINT('',(-13.4966748027396,-8.,57.5));
#2837=CARTESIAN_POINT('Origin',(-12.5,-0.999999999999999,56.5));
#2838=CARTESIAN_POINT('Origin',(-12.5,-3.,56.5));
#2839=CARTESIAN_POINT('Origin',(-12.9983374013698,-3.,56.5));
#2840=CARTESIAN_POINT('',(-11.0984583042354,-2.,56.5));
#2841=CARTESIAN_POINT('Origin',(-11.0984583042354,-3.,56.5));
#2842=CARTESIAN_POINT('',(-12.9983374013698,-2.,56.5));
#2843=CARTESIAN_POINT('Origin',(-12.5,-2.,7.5));
#2844=CARTESIAN_POINT('',(11.0984583042354,-2.,57.5));
#2845=CARTESIAN_POINT('',(11.0984583042354,-2.,33.25));
#2846=CARTESIAN_POINT('',(-11.0984583042354,-2.,57.5));
#2847=CARTESIAN_POINT('',(12.5,-2.,57.5));
#2848=CARTESIAN_POINT('',(-11.0984583042354,-2.,32.5));
#2849=CARTESIAN_POINT('',(-12.5,-2.,7.5));
#2850=CARTESIAN_POINT('',(-12.5,-2.,7.5));
#2851=CARTESIAN_POINT('',(-6.,-2.,7.5));
#2852=CARTESIAN_POINT('',(-6.25,-2.,7.5));
#2853=CARTESIAN_POINT('',(-6.,-2.,10.5));
#2854=CARTESIAN_POINT('',(-6.,-2.,7.5));
#2855=CARTESIAN_POINT('',(6.,-2.,10.5));
#2856=CARTESIAN_POINT('',(-9.25,-2.,10.5));
#2857=CARTESIAN_POINT('',(6.,-2.,7.5));
#2858=CARTESIAN_POINT('',(6.,-2.,9.));
#2859=CARTESIAN_POINT('',(-6.25,-2.,7.5));
#2860=CARTESIAN_POINT('',(7.,-2.,28.));
#2861=CARTESIAN_POINT('Origin',(9.5,-2.,28.));
#2862=CARTESIAN_POINT('',(-12.,-2.,28.));
#2863=CARTESIAN_POINT('Origin',(-9.5,-2.,28.));
#2864=CARTESIAN_POINT('Origin',(-12.5,-0.999999999999999,7.5));
#2865=CARTESIAN_POINT('',(-13.5,-1.,55.0050633918196));
#2866=CARTESIAN_POINT('Origin',(-12.5,-0.999999999999999,53.4823291228236));
#2867=CARTESIAN_POINT('',(-13.5,-1.,7.5));
#2868=CARTESIAN_POINT('',(-13.5,-1.,7.5));
#2869=CARTESIAN_POINT('Origin',(-12.5,-0.999999999999999,7.5));
#2870=CARTESIAN_POINT('Origin',(-14.2320508075689,2.,7.5));
#2871=CARTESIAN_POINT('',(-13.3660254037844,1.5,57.6339745962156));
#2872=CARTESIAN_POINT('',(-13.3660254037844,1.5,7.5));
#2873=CARTESIAN_POINT('',(-13.3660254037844,1.5,7.5));
#2874=CARTESIAN_POINT('',(-13.5,1.31874996136679,7.5));
#2875=CARTESIAN_POINT('Origin',(-14.2320508075689,2.,7.5));
#2876=CARTESIAN_POINT('',(-13.5,1.31874996136679,55.0050633918196));
#2877=CARTESIAN_POINT('',(-13.5,1.31874996136679,7.5));
#2878=CARTESIAN_POINT('',(-14.2320508075689,1.,56.1197822431509));
#2879=CARTESIAN_POINT('Origin',(-14.2320508075689,2.,56.1197822431509));
#2880=CARTESIAN_POINT('',(-14.2320508075689,1.,58.5));
#2881=CARTESIAN_POINT('',(-14.2320508075689,1.,7.5));
#2882=CARTESIAN_POINT('Origin',(-14.2320508075689,2.,58.5));
#2883=CARTESIAN_POINT('Origin',(-6.55922915211773,2.,58.5));
#2884=CARTESIAN_POINT('',(-11.0984583042354,1.,58.5));
#2885=CARTESIAN_POINT('',(-6.55922915211773,1.,58.5));
#2886=CARTESIAN_POINT('',(-11.0984583042354,2.,57.5));
#2887=CARTESIAN_POINT('Origin',(-11.0984583042354,2.,58.5));
#2888=CARTESIAN_POINT('',(-12.5,2.,57.5));
#2889=CARTESIAN_POINT('',(-12.5,2.,57.5));
#2890=CARTESIAN_POINT('Ctrl Pts',(-12.5,2.,57.5));
#2891=CARTESIAN_POINT('Ctrl Pts',(-12.6502966749278,2.,57.5));
#2892=CARTESIAN_POINT('Ctrl Pts',(-12.808043936068,1.96403077828484,57.4981955731025));
#2893=CARTESIAN_POINT('Ctrl Pts',(-13.0169421356939,1.85955353249734,57.5092924811754));
#2894=CARTESIAN_POINT('Ctrl Pts',(-13.0822045400073,1.81658687855034,57.5156715805003));
#2895=CARTESIAN_POINT('Ctrl Pts',(-13.1989710704785,1.71918297992177,57.5389516248595));
#2896=CARTESIAN_POINT('Ctrl Pts',(-13.2504625856376,1.66473617417038,57.555875811234));
#2897=CARTESIAN_POINT('Ctrl Pts',(-13.3197214861715,1.57435018097462,57.5943632441736));
#2898=CARTESIAN_POINT('Ctrl Pts',(-13.3443837375907,1.53748446540783,57.612332930022));
#2899=CARTESIAN_POINT('Ctrl Pts',(-13.3660254037839,1.50000000000097,57.633974596215));
#2900=CARTESIAN_POINT('Origin',(2.22044604925031E-15,-1.11022302462516E-15,
7.5));
#2901=CARTESIAN_POINT('',(14.6710526315789,3.97777760582972,7.5));
#2902=CARTESIAN_POINT('',(0.578947368421054,5.46944420801587,7.5));
#2903=CARTESIAN_POINT('',(14.6710526315789,3.97777760582972,7.5));
#2904=CARTESIAN_POINT('',(-0.578947368421052,5.46944420801587,7.5));
#2905=CARTESIAN_POINT('Origin',(-1.42247325030098E-15,6.93889390390723E-14,
7.5));
#2906=CARTESIAN_POINT('',(-14.6710526315789,3.97777760582972,7.5));
#2907=CARTESIAN_POINT('',(-0.578947368421052,5.46944420801587,7.5));
#2908=CARTESIAN_POINT('',(-14.6710526315789,-3.97777760582973,7.5));
#2909=CARTESIAN_POINT('Origin',(-14.25,6.93889390390723E-16,7.5));
#2910=CARTESIAN_POINT('',(-0.578947368420994,-5.46944420801588,7.5));
#2911=CARTESIAN_POINT('',(-14.6710526315789,-3.97777760582973,7.5));
#2912=CARTESIAN_POINT('',(0.578947368421014,-5.46944420801587,7.5));
#2913=CARTESIAN_POINT('Origin',(-1.42247325030098E-15,6.93889390390723E-14,
7.5));
#2914=CARTESIAN_POINT('',(14.6710526315789,-3.97777760582973,7.5));
#2915=CARTESIAN_POINT('',(0.578947368421014,-5.46944420801587,7.5));
#2916=CARTESIAN_POINT('Origin',(14.25,5.55111512312578E-16,7.5));
#2917=CARTESIAN_POINT('',(-13.5,0.5,7.5));
#2918=CARTESIAN_POINT('',(-12.5,2.,7.5));
#2919=CARTESIAN_POINT('Origin',(-12.5,0.999999999999999,7.5));
#2920=CARTESIAN_POINT('',(-6.,2.,7.5));
#2921=CARTESIAN_POINT('',(6.25,2.,7.5));
#2922=CARTESIAN_POINT('',(-6.,-2.,7.5));
#2923=CARTESIAN_POINT('',(13.3660254037844,1.5,7.5));
#2924=CARTESIAN_POINT('',(13.5,1.31874996136679,7.5));
#2925=CARTESIAN_POINT('Origin',(14.2320508075689,2.,7.5));
#2926=CARTESIAN_POINT('',(13.5,-0.5,7.5));
#2927=CARTESIAN_POINT('',(6.,2.,7.5));
#2928=CARTESIAN_POINT('',(6.,-2.,7.5));
#2929=CARTESIAN_POINT('',(12.5,2.,7.5));
#2930=CARTESIAN_POINT('',(6.25,2.,7.5));
#2931=CARTESIAN_POINT('Origin',(12.5,0.999999999999999,7.5));
#2932=CARTESIAN_POINT('Origin',(-12.5,0.999999999999999,7.5));
#2933=CARTESIAN_POINT('',(-12.5,2.,7.5));
#2934=CARTESIAN_POINT('Origin',(0.,0.,57.5));
#2935=CARTESIAN_POINT('',(-11.0984583042354,-1.,57.5));
#2936=CARTESIAN_POINT('',(11.0984583042354,2.,57.5));
#2937=CARTESIAN_POINT('',(11.0984583042354,-1.,57.5));
#2938=CARTESIAN_POINT('',(-12.5,2.,57.5));
#2939=CARTESIAN_POINT('Origin',(14.2320508075689,2.,7.5));
#2940=CARTESIAN_POINT('',(14.2320508075689,1.,58.5));
#2941=CARTESIAN_POINT('',(14.2320508075689,1.,56.1197822431509));
#2942=CARTESIAN_POINT('',(14.2320508075689,1.,7.5));
#2943=CARTESIAN_POINT('',(13.5,1.31874996136679,55.0050633918196));
#2944=CARTESIAN_POINT('Origin',(14.2320508075689,2.,56.1197822431509));
#2945=CARTESIAN_POINT('',(13.5,1.31874996136679,7.5));
#2946=CARTESIAN_POINT('',(13.3660254037844,1.5,57.6339745962156));
#2947=CARTESIAN_POINT('',(13.3660254037844,1.5,7.5));
#2948=CARTESIAN_POINT('Origin',(14.2320508075689,2.,58.5));
#2949=CARTESIAN_POINT('Origin',(6.55922915211773,2.,58.5));
#2950=CARTESIAN_POINT('',(12.5,2.,57.5));
#2951=CARTESIAN_POINT('',(-12.5,2.,57.5));
#2952=CARTESIAN_POINT('',(11.0984583042354,1.,58.5));
#2953=CARTESIAN_POINT('Origin',(11.0984583042354,2.,58.5));
#2954=CARTESIAN_POINT('',(6.55922915211773,1.,58.5));
#2955=CARTESIAN_POINT('Ctrl Pts',(13.3660254037845,1.49999999999992,57.6339745962156));
#2956=CARTESIAN_POINT('Ctrl Pts',(13.3443837375912,1.53748446540713,57.6123329300223));
#2957=CARTESIAN_POINT('Ctrl Pts',(13.3197214861718,1.57435018097431,57.5943632441737));
#2958=CARTESIAN_POINT('Ctrl Pts',(13.2504625856376,1.66473617417038,57.555875811234));
#2959=CARTESIAN_POINT('Ctrl Pts',(13.1989710704785,1.71918297992177,57.5389516248595));
#2960=CARTESIAN_POINT('Ctrl Pts',(13.0822045400073,1.81658687855034,57.5156715805003));
#2961=CARTESIAN_POINT('Ctrl Pts',(13.0169421356939,1.85955353249733,57.5092924811754));
#2962=CARTESIAN_POINT('Ctrl Pts',(12.808043936068,1.96403077828484,57.4981955731025));
#2963=CARTESIAN_POINT('Ctrl Pts',(12.6502966749278,2.,57.5));
#2964=CARTESIAN_POINT('Ctrl Pts',(12.5,2.,57.5));
#2965=CARTESIAN_POINT('Origin',(13.1184583042355,1.,66.42));
#2966=CARTESIAN_POINT('',(11.0984583042354,1.,59.));
#2967=CARTESIAN_POINT('',(15.1384583042355,1.,77.84));
#2968=CARTESIAN_POINT('',(13.6384583042355,1.,77.84));
#2969=CARTESIAN_POINT('',(15.1384583042355,1.,57.5));
#2970=CARTESIAN_POINT('',(15.1384583042355,1.,77.84));
#2971=CARTESIAN_POINT('',(15.1384583042355,1.,57.5));
#2972=CARTESIAN_POINT('Origin',(15.1384583042355,-2.,77.84));
#2973=CARTESIAN_POINT('',(15.1384583042355,-8.,77.84));
#2974=CARTESIAN_POINT('',(13.6384583042355,-8.,77.84));
#2975=CARTESIAN_POINT('',(15.1384583042355,-2.,77.84));
#2976=CARTESIAN_POINT('Origin',(15.1384583042355,-2.,57.5));
#2977=CARTESIAN_POINT('',(15.1384583042355,-8.,57.5));
#2978=CARTESIAN_POINT('',(15.1384583042355,-8.,77.84));
#2979=CARTESIAN_POINT('',(15.1384583042355,-2.,57.5));
#2980=CARTESIAN_POINT('Origin',(13.4966748027396,-2.,55.));
#2981=CARTESIAN_POINT('',(13.5,-1.5,55.0050633918196));
#2982=CARTESIAN_POINT('',(13.4966748027396,-8.,55.));
#2983=CARTESIAN_POINT('',(15.1384583042355,-8.,57.5));
#2984=CARTESIAN_POINT('',(13.4966748027396,-2.,55.));
#2985=CARTESIAN_POINT('Origin',(13.4966748027396,-2.,57.5));
#2986=CARTESIAN_POINT('',(13.4966748027396,-8.,57.5));
#2987=CARTESIAN_POINT('Origin',(11.0984583042354,-2.,59.));
#2988=CARTESIAN_POINT('',(11.0984583042354,-8.,59.));
#2989=CARTESIAN_POINT('Origin',(13.1184583042355,-8.,66.42));
#2990=CARTESIAN_POINT('Origin',(13.5,-0.999999999999999,7.5));
#2991=CARTESIAN_POINT('Origin',(-13.1184583042355,1.,66.42));
#2992=CARTESIAN_POINT('',(-15.1384583042355,1.,57.5));
#2993=CARTESIAN_POINT('',(-15.1384583042355,1.,57.5));
#2994=CARTESIAN_POINT('',(-15.1384583042355,1.,77.84));
#2995=CARTESIAN_POINT('',(-15.1384583042355,1.,77.84));
#2996=CARTESIAN_POINT('',(-13.6384583042355,1.,77.84));
#2997=CARTESIAN_POINT('',(-11.0984583042354,1.,59.));
#2998=CARTESIAN_POINT('',(-11.0984583042354,1.,59.));
#2999=CARTESIAN_POINT('',(-11.0984583042354,1.,59.));
#3000=CARTESIAN_POINT('Origin',(-15.1384583042355,-2.,57.5));
#3001=CARTESIAN_POINT('',(-15.1384583042355,-8.,57.5));
#3002=CARTESIAN_POINT('',(-15.1384583042355,-8.,57.5));
#3003=CARTESIAN_POINT('',(-15.1384583042355,-2.,57.5));
#3004=CARTESIAN_POINT('',(-13.5,-0.5,55.0050633918196));
#3005=CARTESIAN_POINT('Origin',(-15.1384583042355,-2.,77.84));
#3006=CARTESIAN_POINT('',(-15.1384583042355,-8.,77.84));
#3007=CARTESIAN_POINT('',(-15.1384583042355,-8.,77.84));
#3008=CARTESIAN_POINT('',(-15.1384583042355,-2.,77.84));
#3009=CARTESIAN_POINT('Origin',(-13.6384583042355,-2.,77.84));
#3010=CARTESIAN_POINT('',(-13.6384583042355,-8.,77.84));
#3011=CARTESIAN_POINT('Origin',(-11.0984583042354,-2.,59.));
#3012=CARTESIAN_POINT('',(-11.0984583042354,-8.,59.));
#3013=CARTESIAN_POINT('',(-11.0984583042354,-8.,59.));
#3014=CARTESIAN_POINT('',(-11.0984583042354,-2.,59.));
#3015=CARTESIAN_POINT('Origin',(-11.0984583042354,-2.,57.5));
#3016=CARTESIAN_POINT('',(-11.0984583042354,-8.,59.));
#3017=CARTESIAN_POINT('Origin',(-13.1184583042355,-8.,66.42));
#3018=CARTESIAN_POINT('Origin',(-13.5,1.,7.5));
#3019=CARTESIAN_POINT('Origin',(0.,0.,-3.));
#3020=CARTESIAN_POINT('',(-0.578947368421052,5.46944420801587,-3.));
#3021=CARTESIAN_POINT('',(0.578947368421053,5.46944420801587,-3.));
#3022=CARTESIAN_POINT('Origin',(0.,0.,-3.));
#3023=CARTESIAN_POINT('',(14.6710526315789,3.97777760582972,-3.));
#3024=CARTESIAN_POINT('',(0.578947368421053,5.46944420801587,-3.));
#3025=CARTESIAN_POINT('',(14.6710526315789,-3.97777760582973,-3.));
#3026=CARTESIAN_POINT('Origin',(14.25,0.,-3.));
#3027=CARTESIAN_POINT('',(0.578947368421015,-5.46944420801587,-3.));
#3028=CARTESIAN_POINT('',(0.578947368421016,-5.46944420801587,-3.));
#3029=CARTESIAN_POINT('',(-0.578947368420994,-5.46944420801588,-3.));
#3030=CARTESIAN_POINT('Origin',(0.,0.,-3.));
#3031=CARTESIAN_POINT('',(-14.6710526315789,-3.97777760582973,-3.));
#3032=CARTESIAN_POINT('',(-0.578947368420994,-5.46944420801588,-3.));
#3033=CARTESIAN_POINT('',(-14.6710526315789,3.97777760582972,-3.));
#3034=CARTESIAN_POINT('Origin',(-14.25,0.,-3.));
#3035=CARTESIAN_POINT('',(-0.578947368421053,5.46944420801587,-3.));
#3036=CARTESIAN_POINT('',(-0.368421052631542,-3.48055540510101,-3.));
#3037=CARTESIAN_POINT('',(0.368421052631544,-3.48055540510101,-3.));
#3038=CARTESIAN_POINT('Origin',(0.,0.,-3.));
#3039=CARTESIAN_POINT('',(14.4605263157895,-1.98888880291486,-3.));
#3040=CARTESIAN_POINT('',(0.368421052631542,-3.48055540510101,-3.));
#3041=CARTESIAN_POINT('',(14.4605263157895,1.98888880291486,-3.));
#3042=CARTESIAN_POINT('Origin',(14.25,0.,-3.));
#3043=CARTESIAN_POINT('',(0.368421052631579,3.48055540510101,-3.));
#3044=CARTESIAN_POINT('',(0.368421052631579,3.48055540510101,-3.));
#3045=CARTESIAN_POINT('',(-0.368421052631581,3.48055540510101,-3.));
#3046=CARTESIAN_POINT('Origin',(0.,0.,-3.));
#3047=CARTESIAN_POINT('',(-14.4605263157895,1.98888880291486,-3.));
#3048=CARTESIAN_POINT('',(-0.368421052631579,3.48055540510101,-3.));
#3049=CARTESIAN_POINT('',(-14.4605263157895,-1.98888880291486,-3.));
#3050=CARTESIAN_POINT('Origin',(-14.25,0.,-3.));
#3051=CARTESIAN_POINT('',(-0.368421052631542,-3.48055540510101,-3.));
#3052=CARTESIAN_POINT('Origin',(-6.,-2.,10.5));
#3053=CARTESIAN_POINT('',(6.,2.,10.5));
#3054=CARTESIAN_POINT('',(-6.,2.,10.5));
#3055=CARTESIAN_POINT('',(3.25,2.,10.5));
#3056=CARTESIAN_POINT('',(6.,-2.,10.5));
#3057=CARTESIAN_POINT('',(-6.,-2.,10.5));
#3058=CARTESIAN_POINT('Origin',(-6.,-2.,7.5));
#3059=CARTESIAN_POINT('',(-6.,2.,7.5));
#3060=CARTESIAN_POINT('Origin',(6.,-2.,10.5));
#3061=CARTESIAN_POINT('',(6.,2.,9.));
#3062=CARTESIAN_POINT('Origin',(12.5,2.,7.5));
#3063=CARTESIAN_POINT('',(12.5,2.,7.5));
#3064=CARTESIAN_POINT('',(8.,2.,28.));
#3065=CARTESIAN_POINT('Origin',(9.5,2.,28.));
#3066=CARTESIAN_POINT('',(-11.,2.,28.));
#3067=CARTESIAN_POINT('Origin',(-9.5,2.,28.));
#3068=CARTESIAN_POINT('Origin',(-9.5,-9.,28.));
#3069=CARTESIAN_POINT('',(-11.,-9.,28.));
#3070=CARTESIAN_POINT('Origin',(-9.5,-9.,28.));
#3071=CARTESIAN_POINT('',(-11.,-9.,28.));
#3072=CARTESIAN_POINT('Origin',(9.5,-9.,28.));
#3073=CARTESIAN_POINT('',(8.,-9.,28.));
#3074=CARTESIAN_POINT('Origin',(9.5,-9.,28.));
#3075=CARTESIAN_POINT('',(8.,-9.,28.));
#3076=CARTESIAN_POINT('Origin',(9.5,-2.,28.));
#3077=CARTESIAN_POINT('',(7.,-9.,28.));
#3078=CARTESIAN_POINT('Origin',(9.5,-9.,28.));
#3079=CARTESIAN_POINT('',(7.,-2.,28.));
#3080=CARTESIAN_POINT('Origin',(9.5,-9.,28.));
#3081=CARTESIAN_POINT('Origin',(-9.5,-2.,28.));
#3082=CARTESIAN_POINT('',(-12.,-9.,28.));
#3083=CARTESIAN_POINT('Origin',(-9.5,-9.,28.));
#3084=CARTESIAN_POINT('',(-12.,-2.,28.));
#3085=CARTESIAN_POINT('Origin',(-9.5,-9.,28.));
#3086=CARTESIAN_POINT('Origin',(12.5,0.999999999999999,7.5));
#3087=CARTESIAN_POINT('Origin',(2.22044604925031E-15,-1.11022302462516E-15,
2.5));
#3088=CARTESIAN_POINT('',(14.4605263157895,-1.98888880291486,2.5));
#3089=CARTESIAN_POINT('',(0.368421052631544,-3.48055540510101,2.5));
#3090=CARTESIAN_POINT('',(0.368421052631542,-3.48055540510101,2.5));
#3091=CARTESIAN_POINT('',(-0.368421052631542,-3.48055540510101,2.5));
#3092=CARTESIAN_POINT('Origin',(0.,0.,2.5));
#3093=CARTESIAN_POINT('',(-14.4605263157895,-1.98888880291486,2.5));
#3094=CARTESIAN_POINT('',(-0.368421052631542,-3.48055540510101,2.5));
#3095=CARTESIAN_POINT('',(-14.4605263157895,1.98888880291486,2.5));
#3096=CARTESIAN_POINT('Origin',(-14.25,0.,2.5));
#3097=CARTESIAN_POINT('',(-0.368421052631581,3.48055540510101,2.5));
#3098=CARTESIAN_POINT('',(-0.368421052631579,3.48055540510101,2.5));
#3099=CARTESIAN_POINT('',(0.368421052631579,3.48055540510101,2.5));
#3100=CARTESIAN_POINT('Origin',(0.,0.,2.5));
#3101=CARTESIAN_POINT('',(14.4605263157895,1.98888880291486,2.5));
#3102=CARTESIAN_POINT('',(0.368421052631579,3.48055540510101,2.5));
#3103=CARTESIAN_POINT('Origin',(14.25,0.,2.5));
#3104=CARTESIAN_POINT('Origin',(14.4605263157895,-1.98888880291486,0.));
#3105=CARTESIAN_POINT('',(0.368421052631544,-3.48055540510101,0.));
#3106=CARTESIAN_POINT('',(14.4605263157895,-1.98888880291486,0.));
#3107=CARTESIAN_POINT('Origin',(14.25,0.,0.));
#3108=CARTESIAN_POINT('',(14.4605263157895,1.98888880291486,0.));
#3109=CARTESIAN_POINT('Origin',(0.368421052631579,3.48055540510101,0.));
#3110=CARTESIAN_POINT('',(0.368421052631579,3.48055540510101,0.));
#3111=CARTESIAN_POINT('Origin',(0.,0.,0.));
#3112=CARTESIAN_POINT('',(-0.368421052631581,3.48055540510101,0.));
#3113=CARTESIAN_POINT('Origin',(-14.4605263157895,1.98888880291486,0.));
#3114=CARTESIAN_POINT('',(-14.4605263157895,1.98888880291486,0.));
#3115=CARTESIAN_POINT('Origin',(-14.25,0.,0.));
#3116=CARTESIAN_POINT('',(-14.4605263157895,-1.98888880291486,0.));
#3117=CARTESIAN_POINT('Origin',(-0.368421052631542,-3.48055540510101,0.));
#3118=CARTESIAN_POINT('',(-0.368421052631542,-3.48055540510101,0.));
#3119=CARTESIAN_POINT('Origin',(0.,0.,0.));
#3120=CARTESIAN_POINT('Origin',(14.6710526315789,3.97777760582972,0.));
#3121=CARTESIAN_POINT('',(0.578947368421053,5.46944420801587,0.));
#3122=CARTESIAN_POINT('',(14.6710526315789,3.97777760582972,0.));
#3123=CARTESIAN_POINT('Origin',(14.25,0.,0.));
#3124=CARTESIAN_POINT('',(14.6710526315789,-3.97777760582973,0.));
#3125=CARTESIAN_POINT('Origin',(0.578947368421016,-5.46944420801587,0.));
#3126=CARTESIAN_POINT('',(0.578947368421015,-5.46944420801587,0.));
#3127=CARTESIAN_POINT('Origin',(0.,0.,0.));
#3128=CARTESIAN_POINT('',(-0.578947368420994,-5.46944420801588,0.));
#3129=CARTESIAN_POINT('Origin',(-14.6710526315789,-3.97777760582972,0.));
#3130=CARTESIAN_POINT('',(-14.6710526315789,-3.97777760582973,0.));
#3131=CARTESIAN_POINT('Origin',(-14.25,0.,0.));
#3132=CARTESIAN_POINT('',(-14.6710526315789,3.97777760582972,0.));
#3133=CARTESIAN_POINT('Origin',(-0.578947368421053,5.46944420801587,0.));
#3134=CARTESIAN_POINT('',(-0.578947368421052,5.46944420801587,0.));
#3135=CARTESIAN_POINT('Origin',(0.,0.,0.));
#3136=UNCERTAINTY_MEASURE_WITH_UNIT(LENGTH_MEASURE(0.01),#3140,
'DISTANCE_ACCURACY_VALUE',
'Maximum model space distance between geometric entities at asserted c
onnectivities');
#3137=UNCERTAINTY_MEASURE_WITH_UNIT(LENGTH_MEASURE(0.01),#3140,
'DISTANCE_ACCURACY_VALUE',
'Maximum model space distance between geometric entities at asserted c
onnectivities');
#3138=(
GEOMETRIC_REPRESENTATION_CONTEXT(3)
GLOBAL_UNCERTAINTY_ASSIGNED_CONTEXT((#3136))
GLOBAL_UNIT_ASSIGNED_CONTEXT((#3140,#3142,#3143))
REPRESENTATION_CONTEXT('','3D')
);
#3139=(
GEOMETRIC_REPRESENTATION_CONTEXT(3)
GLOBAL_UNCERTAINTY_ASSIGNED_CONTEXT((#3137))
GLOBAL_UNIT_ASSIGNED_CONTEXT((#3140,#3142,#3143))
REPRESENTATION_CONTEXT('','3D')
);
#3140=(
LENGTH_UNIT()
NAMED_UNIT(*)
SI_UNIT(.MILLI.,.METRE.)
);
#3141=(
LENGTH_UNIT()
NAMED_UNIT(*)
SI_UNIT($,.METRE.)
);
#3142=(
NAMED_UNIT(*)
PLANE_ANGLE_UNIT()
SI_UNIT($,.RADIAN.)
);
#3143=(
NAMED_UNIT(*)
SI_UNIT($,.STERADIAN.)
SOLID_ANGLE_UNIT()
);
#3144=SHAPE_DEFINITION_REPRESENTATION(#3145,#3146);
#3145=PRODUCT_DEFINITION_SHAPE('',$,#3148);
#3146=SHAPE_REPRESENTATION('',(#1896),#3138);
#3147=PRODUCT_DEFINITION_CONTEXT('part definition',#3152,'design');
#3148=PRODUCT_DEFINITION('laser_esp32cam','laser_esp32cam v3',#3149,#3147);
#3149=PRODUCT_DEFINITION_FORMATION('',$,#3154);
#3150=PRODUCT_RELATED_PRODUCT_CATEGORY('laser_esp32cam v3',
'laser_esp32cam v3',(#3154));
#3151=APPLICATION_PROTOCOL_DEFINITION('international standard',
'automotive_design',2009,#3152);
#3152=APPLICATION_CONTEXT(
'Core Data for Automotive Mechanical Design Process');
#3153=PRODUCT_CONTEXT('part definition',#3152,'mechanical');
#3154=PRODUCT('laser_esp32cam','laser_esp32cam v3',$,(#3153));
#3155=PRESENTATION_STYLE_ASSIGNMENT((#3157));
#3156=PRESENTATION_STYLE_ASSIGNMENT((#3158));
#3157=SURFACE_STYLE_USAGE(.BOTH.,#3159);
#3158=SURFACE_STYLE_USAGE(.BOTH.,#3160);
#3159=SURFACE_SIDE_STYLE('',(#3161));
#3160=SURFACE_SIDE_STYLE('',(#3162));
#3161=SURFACE_STYLE_FILL_AREA(#3163);
#3162=SURFACE_STYLE_FILL_AREA(#3164);
#3163=FILL_AREA_STYLE('Steel - Satin',(#3165));
#3164=FILL_AREA_STYLE(
'EPX 150 - Air Baked (with Carbon M2 M3 L1 3D Printers)',(#3166));
#3165=FILL_AREA_STYLE_COLOUR('Steel - Satin',#3167);
#3166=FILL_AREA_STYLE_COLOUR(
'EPX 150 - Air Baked (with Carbon M2 M3 L1 3D Printers)',#3168);
#3167=COLOUR_RGB('Steel - Satin',0.627450980392157,0.627450980392157,0.627450980392157);
#3168=COLOUR_RGB(
'EPX 150 - Air Baked (with Carbon M2 M3 L1 3D Printers)',0.247058823529412,
0.247058823529412,0.247058823529412);
ENDSEC;
END-ISO-10303-21;
